Dosage,ImageID,Sl. No.,Area,Perimeter,IntDen,RawIntDen
Control,snap 0,1,2.371,6.729,3700.032,344868
Control,snap 0,2,0.547,3.086,556.043,51827
Control,snap 0,3,1.073,4.295,1339.624,124862
Control,snap 0,4,3.884,9.771,5612.34,523108
Control,snap 0,5,1.609,5.679,1791.512,166981
Control,snap 0,6,0.944,4.2,1116.303,104047
Control,snap 0,7,0.837,3.775,806.143,75138
Control,snap 0,8,1.169,4.572,1621.202,151107
Control,snap 0,9,0.644,3.885,427.823,39876
Control,snap 0,10,1.481,5.392,1352.059,126021
Control,snap 0,11,0.333,2.365,306.888,28604
Control,snap 0,12,0.976,3.834,1049.72,97841
Control,snap 0,13,2.972,9.011,3868.561,360576
Control,snap 0,14,0.59,3.376,780.555,72753
Control,snap 0,15,0.966,4.065,1043.508,97262
Control,snap 0,16,2.478,7.8,3154.535,294024
Control,snap 0,17,1.255,4.808,1147.074,106915
Control,snap 0,18,0.579,3.451,674.801,62896
Control,snap 0,19,0.998,4.088,1450.195,135168
Control,snap 0,20,6.641,12.608,12170.352,1134359
Control,snap 0,21,1.974,8.604,2715.597,253112
Control,snap 0,22,4.356,10.507,4963.288,462612
Control,snap 0,23,0.858,3.945,767.38,71525
Control,snap 0,24,0.751,3.432,616.747,57485
Control,snap 0,25,0.901,4.178,848.651,79100
Control,snap 0,26,3.304,7.469,4594.785,428265
Control,snap 0,27,0.923,4.781,1086.155,101237
Control,snap 0,28,4.807,10.729,8823.127,822375
Control,snap 0,29,1.373,5.616,1770.097,164985
Control,snap 0,30,1.287,5.123,1698.707,158331
Control,snap 0,31,1.459,5.003,2443.546,227755
Control,snap 0,32,1.695,5.104,2250.534,209765
Control,snap 0,33,0.504,2.909,707.116,65908
Control,snap 0,34,5.6,10.768,9923.637,924950
Control,snap 0,35,4.066,8.081,8091.452,754178
Control,snap 0,36,4.957,9.28,7823.403,729194
Control,snap 0,37,4.914,9.328,10057.039,937384
Control,snap 0,38,3.422,11.796,3774.136,351775
Control,snap 0,39,0.429,3.175,427.49,39845
Control,snap 0,40,1.051,4.862,1686.348,157179
Control,snap 0,41,4.324,9.418,7177.538,668995
Control,snap 0,42,1.438,6.765,1790.782,166913
Control,snap 0,43,0.869,3.888,1652.209,153997
Control,snap 0,44,1.888,5.669,3113.894,290236
Control,snap 0,45,0.901,4.545,1401.079,130590
Control,snap 0,46,1.159,4.481,1125.82,104934
Control,snap 0,47,1.76,5.534,1799.033,167682
Control,snap 0,48,1.266,4.69,2338.747,217987
Control,snap 0,49,2.5,6.734,3112.746,290129
Control,snap 0,50,1.76,6.086,2299.823,214359
Control,snap 0,51,0.848,4.167,886.03,82584
Control,snap 0,52,0.172,1.62,310.149,28908
Control,snap 0,53,1.588,5.805,2053.778,191426
Control,snap 0,54,1.738,7.029,2612.268,243481
Control,snap 0,55,0.644,3.65,536.163,49974
Control,snap 0,56,0.622,3.25,660.059,61522
Control,snap 0,57,4.002,8.79,7076.762,659602
Control,snap 0,58,2.35,6.663,2194.541,204546
Control,snap 0,59,1.202,4.76,1301.708,121328
Control,snap 0,60,0.354,2.496,521.024,48563
Control,snap 0,61,0.687,3.387,1046.952,97583
Control,snap 0,62,2.285,7.63,3443.592,320966
Control,snap 0,63,0.633,3.126,698.436,65099
Control,snap 0,64,0.494,2.703,556.215,51843
Control,snap 0,65,1.245,4.841,2000.177,186430
Control,snap 0,66,0.343,2.527,435.237,40567
Control,snap 0,67,1.363,5.477,1736.612,161864
Control,snap 0,68,2.038,7.577,1553.439,144791
Control,snap 0,69,1.631,6.656,2017.096,188007
Control,snap 0,70,0.783,4.108,817.591,76205
Control,snap 0,71,0.322,2.473,390.648,36411
Control,snap 0,72,0.526,3.471,715.206,66662
Control,snap 0,73,0.215,2.264,179.579,16738
Control,snap 0,74,0.279,2.691,337.529,31460
Control,snap 0,75,1.298,5.567,2135.371,199031
Control,snap 0,76,0.612,3.346,1047.285,97614
Control,snap 0,77,0.558,3.67,420.635,39206
Control,snap 0,78,0.687,3.276,896.577,83567
Control,snap 0,79,1.18,4.589,1820.233,169658
Control,snap 0,80,0.622,3.61,615.009,57323
Control,snap 0,81,2.993,7.08,6016.506,560779
Control,snap 0,82,2.21,6.333,2501.889,233193
Control,snap 0,83,2.725,7.821,3394.893,316427
Control,snap 0,84,2.897,9.469,4030.545,375674
Control,snap 0,85,2.564,7.504,4351.283,405569
Control,snap 0,86,1.245,4.634,1326.438,123633
Control,snap 0,87,1.019,4.358,1604.358,149537
Control,snap 0,88,1.137,5.016,1548.504,144331
Control,snap 0,89,2.296,6.257,3420.868,318848
Control,snap 0,90,0.633,3.126,662.173,61719
Control,snap 0,91,0.987,3.932,1753.896,163475
Control,snap 0,92,2.714,8.435,3630.037,338344
Control,snap 0,93,1.749,6.454,1956.253,182336
Control,snap 0,94,1.845,6.302,1794.87,167294
Control,snap 0,95,0.215,2.04,319.912,29818
Control,snap 0,96,1.427,5.197,1814.45,169119
Control,snap 0,97,2.811,7.278,4400.829,410187
Control,snap 0,98,8.25,13.16,15034.404,1401308
Control,snap 0,99,3.036,6.982,4916.124,458216
Control,snap 0,100,1.277,5.144,1504.236,140205
Control,snap 0,101,1.953,7.152,1799.955,167768
Control,snap 0,102,0.826,3.716,1017.855,94871
Control,snap 0,103,4.57,11.488,8503.858,792617
Control,snap 0,104,1.652,5.334,3291.274,306769
Control,snap 0,105,3.723,8.622,5327.425,496552
Control,snap 0,106,2.832,8.714,3768.471,351247
Control,snap 0,107,4.506,11.418,7082.244,660113
Control,snap 0,108,1.792,6.762,1773.434,165296
Control,snap 0,109,1.105,4.426,1356.726,126456
Control,snap 0,110,0.901,4.358,872.844,81355
Control,snap 0,111,0.783,3.726,865.045,80628
Control,snap 0,112,0.826,3.566,999.23,93135
Control,snap 0,113,1.341,4.796,1135.508,105837
Control,snap 1,1,1.073,4.295,1302.717,121422
Control,snap 1,2,3.884,9.771,5527.389,515190
Control,snap 1,3,1.609,5.679,1665.469,155233
Control,snap 1,4,0.944,4.2,998.565,93073
Control,snap 1,5,0.837,3.775,711.075,66277
Control,snap 1,6,1.169,4.572,1393.708,129903
Control,snap 1,7,0.59,3.376,877.104,81752
Control,snap 1,8,1.255,4.808,766.811,71472
Control,snap 1,9,0.579,3.451,556.87,51904
Control,snap 1,10,0.998,4.088,1199.205,111774
Control,snap 1,11,6.641,12.608,11960.807,1114828
Control,snap 1,12,1.974,8.604,2833.614,264112
Control,snap 1,13,4.356,10.507,5669.203,528408
Control,snap 1,14,0.858,3.945,795.372,74134
Control,snap 1,15,0.751,3.432,529.2,49325
Control,snap 1,16,0.901,4.178,675.015,62916
Control,snap 1,17,0.923,4.781,867.609,80867
Control,snap 1,18,4.807,10.729,8697.91,810704
Control,snap 1,19,1.373,5.616,1555.434,144977
Control,snap 1,20,1.287,5.123,1810.577,168758
Control,snap 1,21,1.459,5.003,2550.985,237769
Control,snap 1,22,1.695,5.104,2679.044,249705
Control,snap 1,23,5.6,10.768,8940.457,833311
Control,snap 1,24,4.066,8.081,7567.606,705352
Control,snap 1,25,4.957,9.28,7111.673,662856
Control,snap 1,26,4.914,9.328,10497.147,978405
Control,snap 1,27,3.422,11.796,3830.377,357017
Control,snap 1,28,0.429,3.175,280.173,26114
Control,snap 1,29,1.051,4.862,1257.795,117235
Control,snap 1,30,4.324,9.418,6784.283,632341
Control,snap 1,31,1.438,6.765,1402.216,130696
Control,snap 1,32,0.869,3.888,1547.892,144274
Control,snap 1,33,1.888,5.669,2730.21,254474
Control,snap 1,34,0.901,4.545,930.63,86741
Control,snap 1,35,1.159,4.481,958.997,89385
Control,snap 1,36,1.76,5.534,1412.001,131608
Control,snap 1,37,1.266,4.69,2526.126,235452
Control,snap 1,38,2.5,6.734,3075.625,286669
Control,snap 1,39,1.76,6.086,1881.527,175371
Control,snap 1,40,0.848,4.167,936.606,87298
Control,snap 1,41,0.172,1.62,230.445,21479
Control,snap 1,42,1.588,5.805,1735.829,161791
Control,snap 1,43,1.738,7.029,2768.641,258056
Control,snap 1,44,0.794,4.311,1223.302,114020
Control,snap 1,45,2.661,7.03,4887.285,455528
Control,snap 1,46,2.081,7.504,3178.74,296280
Control,snap 2,1,2.189,6.352,3692.189,344137
Control,snap 2,2,0.858,3.832,955.285,89039
Control,snap 2,3,2.843,8.012,7254.27,676147
Control,snap 2,4,5.997,12.164,15254.57,1421829
Control,snap 2,5,1.245,5.037,1963.044,182969
Control,snap 2,6,2.06,7.068,2364.625,220399
Control,snap 2,7,1.577,4.859,1489.195,138803
Control,snap 2,8,2.511,7.451,3126.297,291392
Control,snap 2,9,1.223,4.601,1516.07,141308
Control,snap 2,10,1.727,6.165,2622.117,244399
Control,snap 2,11,0.536,3.065,861.783,80324
Control,snap 2,12,1.18,4.993,2050.281,191100
Control,snap 2,13,1.652,5.892,1701.55,158596
Control,snap 2,14,1.513,5.421,1996.433,186081
Control,snap 2,15,0.966,4.151,1236.97,115294
Control,snap 2,16,1.159,4.585,1403.128,130781
Control,snap 2,17,1.363,4.717,1340.353,124930
Control,snap 2,18,2.028,6.179,2886.014,268996
Control,snap 2,19,1.652,6.123,1336.159,124539
Control,snap 2,20,1.631,4.976,2361.417,220100
Control,snap 2,21,0.708,3.551,871.418,81222
Control,snap 2,22,1.534,4.689,1445.872,134765
Control,snap 2,23,0.772,3.613,1273.888,118735
Control,snap 2,24,2.478,6.732,3532.416,329245
Control,snap 2,25,0.794,3.52,870.688,81154
Control,snap 2,26,1.009,4.185,1237.539,115347
Control,snap 2,27,2.038,6.902,2278.751,212395
Control,snap 2,28,1.738,4.991,3658.855,341030
Control,snap 2,29,3.916,10.502,7446.145,694031
Control,snap 2,30,0.966,4.032,818.192,76261
Control,snap 2,31,0.805,3.469,811.014,75592
Control,snap 2,32,3.133,6.976,6230.868,580759
Control,snap 2,33,2.95,6.526,6744.715,628653
Control,snap 2,34,0.622,3.11,941.82,87784
Control,snap 2,35,1.77,5.221,3764.212,350850
Control,snap 2,36,3.315,7.02,8473.774,789813
Control,snap 2,37,0.365,2.545,373.396,34803
Control,snap 2,38,4.882,9.391,12819.629,1194876
Control,snap 2,39,2.736,7.338,6017.021,560827
Control,snap 2,40,0.59,3.898,721.858,67282
Control,snap 2,41,2.328,6.517,3241.063,302089
Control,snap 2,42,4.506,8.844,9427.696,878725
Control,snap 2,43,2.564,6.391,6285.381,585840
Control,snap 2,44,1.448,4.697,1996.175,186057
Control,snap 2,45,2.071,6.303,4348.998,405356
Control,snap 2,46,7.403,10.897,19745.092,1840376
Control,snap 2,47,3.015,6.854,8021.961,747701
Control,snap 2,48,0.88,3.488,1880.046,175233
Control,snap 2,49,3.873,9.247,5095.285,474915
Control,snap 2,50,5.74,10.399,11044.854,1029455
Control,snap 2,51,2.822,6.95,6454.06,601562
Control,snap 2,52,1.266,5.394,3215.926,299746
Control,snap 2,53,3.798,8.494,6071.91,565943
Control,snap 2,54,0.665,3.481,1201.866,112022
Control,snap 2,55,2.543,6.123,6750.38,629181
Control,snap 2,56,4.474,9.107,10105.394,941891
Control,snap 2,57,1.287,4.277,2010.798,187420
Control,snap 2,58,2.189,7.26,2678.894,249691
Control,snap 2,59,0.622,3.028,870.334,81121
Control,snap 2,60,7.102,12.447,20429.989,1904213
Control,snap 2,61,3.09,7.73,4424.776,412419
Control,snap 2,62,0.579,2.999,610.074,56863
Control,snap 2,63,2.092,5.654,4945.285,460934
Control,snap 2,64,2.435,6.489,2874.599,267932
Control,snap 2,65,0.88,3.603,1215.051,113251
Control,snap 2,66,0.869,3.858,1479.034,137856
Control,snap 2,67,2.618,7.9,5943.689,553992
Control,snap 2,68,1.845,5.532,3066.001,285772
Control,snap 2,69,1.341,5.277,2139.984,199461
Control,snap 2,70,1.287,4.664,2455.015,228824
Control,snap 2,71,2.393,6.947,2903.609,270636
Control,snap 2,72,4.313,10.194,8724.293,813163
Control,snap 2,73,0.429,3.044,755.525,70420
Control,snap 2,74,1.009,5.065,1430.207,133305
Control,snap 2,75,0.944,4.06,955.07,89019
Control,snap 2,76,3.991,8.387,8401.237,783052
Control,snap 2,77,3.616,7.674,8631.831,804545
Control,snap 2,78,2.95,7.109,6451.271,601302
Control,snap 2,79,1.609,4.771,2888.417,269220
Control,snap 2,80,1.352,4.519,1463.542,136412
Control,snap 2,81,1.062,3.868,1726.002,160875
Control,snap 2,82,1.781,5.835,4312.896,401991
Control,snap 2,83,4.721,8.696,7159.932,667354
Control,snap 2,84,1.159,5.104,1251.83,116679
Control,snap 2,85,1.073,5.242,1681.681,156744
Control,snap 2,86,6.373,10.407,12399.241,1155693
Control,snap 2,87,2.189,6.176,3805.518,354700
Control,snap 2,88,1.363,4.967,1481.234,138061
Control,snap 2,89,1.245,4.535,1187.489,110682
Control,snap 2,90,2.264,5.59,3631.089,338442
Control,snap 2,91,1.019,3.89,1182.919,110256
Control,snap 2,92,1.416,5.028,2036.923,189855
Control,snap 2,93,1.105,4.303,1584.188,147657
Control,snap 2,94,0.569,3.467,645.114,60129
Control,snap 2,95,0.622,3.016,736.91,68685
Control,snap 2,96,1.566,5.746,1268.513,118234
Control,snap 2,97,1.03,3.989,1220.309,113741
Control,snap 2,98,0.354,2.929,555.807,51805
Control,snap 2,99,2.114,6.505,2044.455,190557
Control,snap 2,100,1.663,5.33,2035.507,189723
Control,snap 2,101,1.234,4.113,1458.489,135941
Control,snap 2,102,1.438,4.903,2446.207,228003
Control,snap 2,103,1.824,5.574,2491.021,232180
Control,snap 2,104,1.341,5.755,2119.803,197580
Control,snap 2,105,0.612,3.281,498.279,46443
Control,snap 2,106,0.579,3.696,684.35,63786
Control,snap 2,107,0.697,3.669,787.475,73398
Control,snap 2,108,0.794,4.236,883.638,82361
Control,snap 2,109,0.998,4.666,823.921,76795
Control,snap 2,110,1.534,5.031,993.78,92627
Control,snap 2,111,1.18,5.016,1273.845,118731
Control,snap 2,112,0.805,4,930.855,86762
Control,snap 2,113,1.127,4.844,1090.908,101680
Control,snap 2,114,0.762,3.816,689.113,64230
Control,snap 2,115,0.88,3.968,808.289,75338
Control,snap 2,116,1.427,6.246,1037.221,96676
Control,snap 2,117,0.783,3.528,496.702,46296
Control,snap 2,118,2.478,6.383,1998.589,186282
Control,snap 2,119,1.824,6.087,1080.437,100704
Control,snap 2,120,1.513,4.718,876.868,81730
Control,snap 2,121,1.245,4.366,798.944,74467
Control,snap 2,122,0.783,3.751,859.863,80145
Control,snap 2,123,0.944,4.117,733.67,68383
Control,snap 2,124,0.654,3.031,751.587,70053
Control,snap 2,125,1.266,6.015,1299.402,121113
Control,snap 2,126,1.18,5.118,814.362,75904
Control,snap 3,1,3.637,8.842,7877.09,734198
Control,snap 3,2,0.665,3.66,860.217,80178
Control,snap 3,3,1.695,5.843,2243.625,209121
Control,snap 3,4,5.15,11.175,7838.509,730602
Control,snap 3,5,0.805,4.213,799.406,74510
Control,snap 3,6,1.062,4.091,1068.367,99579
Control,snap 3,7,0.633,3.481,671.496,62588
Control,snap 3,8,3.111,7.6,5259.973,490265
Control,snap 3,9,2.972,7.574,4122.126,384210
Control,snap 3,10,1.824,6.164,2832.263,263986
Control,snap 3,11,1.159,4.333,1732.814,161510
Control,snap 3,12,0.333,2.508,337.197,31429
Control,snap 3,13,1.309,5.49,1229.417,114590
Control,snap 3,14,2.285,7.205,2779.852,259101
Control,snap 3,15,1.835,6.12,3458.387,322345
Control,snap 3,16,2.403,6.325,4435.601,413428
Control,snap 3,17,6.427,12.193,11455.21,1067703
Control,snap 3,18,0.354,3.272,585.183,54543
Control,snap 3,19,0.504,3.422,625.813,58330
Control,snap 3,20,0.633,3.576,593.112,55282
Control,snap 3,21,0.365,2.685,454.57,42369
Control,snap 3,22,0.815,3.913,907.67,84601
Control,snap 3,23,1.159,4.598,1699.19,158376
Control,snap 3,24,2.307,6.74,3862.875,360046
Control,snap 3,25,0.354,2.687,591.395,55122
Control,snap 3,26,1.352,5.21,2047.502,190841
Control,snap 3,27,2.242,7.336,3264.753,304297
Control,snap 3,28,1.792,6.329,2180.475,203235
Control,snap 3,29,9.012,13.03,23753.954,2214029
Control,snap 3,30,1.062,5.684,1084.728,101104
Control,snap 3,31,1.159,6.288,839.564,78253
Control,snap 3,32,3.24,8.766,6198.016,577697
Control,snap 3,33,1.545,5.644,2248.818,209605
Control,snap 3,34,0.569,2.987,690.744,64382
Control,snap 3,35,1.223,5.393,786.391,73297
Control,snap 3,36,0.483,3.169,568.789,53015
Control,snap 3,37,4.635,11.956,6392.155,595792
Control,snap 3,38,3.83,8.015,8068.331,752023
Control,snap 3,39,0.805,4.094,882.747,82278
Control,snap 3,40,1.277,5.125,1117.129,104124
Control,snap 3,41,0.912,4.233,830.476,77406
Control,snap 3,42,0.676,3.536,773.313,72078
Control,snap 3,43,1.009,4.415,859.777,80137
Control,snap 3,44,1.041,4.719,1052.949,98142
Control,snap 3,45,0.236,2.559,257.653,24015
Control,snap 3,46,0.461,3.186,464.998,43341
Control,snap 3,47,0.601,3.284,730.43,68081
Control,snap 3,48,2.553,6.47,3944.736,367676
Control,snap 3,49,0.612,3.232,797.571,74339
Control,snap 3,50,1.019,4.341,1405.381,130991
Control,snap 3,51,0.59,3.239,481.414,44871
Control,snap 3,52,0.719,3.362,1097.71,102314
Control,snap 4,1,6.523,10.059,13974.352,1302504
Control,snap 4,2,2.607,6.098,5012.426,467192
Control,snap 4,3,0.944,4.51,1475.194,137498
Control,snap 4,4,2.189,6.541,2093.561,195134
Control,snap 4,5,1.041,4.369,1236.069,115210
Control,snap 4,6,2.242,6.938,3105.601,289463
Control,snap 4,7,1.223,4.322,1307.158,121836
Control,snap 4,8,1.298,4.607,2100.695,195799
Control,snap 4,9,2.403,6.545,2722.839,253787
Control,snap 4,10,1.845,5.761,1681.144,156694
Control,snap 4,11,3.165,7.521,3904.395,363916
Control,snap 4,12,2.95,7.368,2524.656,235315
Control,snap 4,13,2.199,5.954,3439.6,320594
Control,snap 4,14,2.081,5.964,2415.383,225130
Control,snap 4,15,0.783,3.7,1028.734,95885
Control,snap 4,16,4.56,9.901,7962.878,742194
Control,snap 4,17,1.588,5.563,1404.673,130925
Control,snap 4,18,2.875,6.255,4204.448,391883
Control,snap 4,19,6.813,11.814,14318.758,1334605
Control,snap 4,20,2.199,6.831,2058.66,191881
Control,snap 4,21,1.277,4.315,1173.606,109388
Control,snap 4,22,2.307,6.247,2552.787,237937
Control,snap 4,23,1.963,5.915,1764.765,164488
Control,snap 4,24,5.386,12.341,6173.887,575448
Control,snap 4,25,1.019,4.01,1233.816,115000
Control,snap 4,26,1.599,5.564,2132.27,198742
Control,snap 4,27,1.749,5.666,1774.592,165404
Control,snap 4,28,1.234,4.981,1411.003,131515
Control,snap 4,29,1.416,4.852,2628.157,244962
Control,snap 4,30,0.494,2.927,451.255,42060
Control,snap 4,31,0.987,4.233,1420.584,132408
Control,snap 4,32,1.073,4.166,914,85191
Control,snap 4,33,1.051,4.428,1105.092,103002
Control,snap 4,34,2.307,6.393,3241.889,302166
Control,snap 4,35,4.914,11.498,10272.142,957433
Control,snap 4,36,1.352,4.553,1477.865,137747
Control,snap 4,37,2.21,5.956,2988.034,278505
Control,snap 4,38,1.073,4.07,2345.216,218590
Control,snap 4,39,3.852,8.002,5760.967,536961
Control,snap 4,40,1.373,4.411,2060.816,192082
Control,snap 4,41,2.532,7.397,3197.258,298006
Control,snap 4,42,3.369,7.758,5022.908,468169
Control,snap 4,43,2.95,6.657,4926.478,459181
Control,snap 4,44,2.489,5.752,3907.979,364250
Control,snap 4,45,3.058,7.884,4155.804,387349
Control,snap 4,46,6.566,12.253,7104.539,662191
Control,snap 4,47,1.62,5.385,2237.552,208555
Control,snap 4,48,1.062,4.336,1320.451,123075
Control,snap 4,49,1.137,4.43,1480.397,137983
Control,snap 4,50,1.416,4.544,2049.669,191043
Control,snap 4,51,1.116,4.242,1436.945,133933
Control,snap 4,52,0.676,3.745,840.261,78318
Control,snap 4,53,0.762,3.427,766.307,71425
Control,snap 4,54,0.848,3.732,978.749,91226
Control,snap 4,55,4.635,8.644,9735.099,907377
Control,snap 4,56,1.363,5.089,1818.87,169531
Control,snap 4,57,1.953,5.466,3367.202,313846
Control,snap 4,58,0.526,2.997,785.211,73187
Control,snap 4,59,0.858,4.638,1541.862,143712
Control,snap 4,60,2.317,7.02,3476.325,324017
Control,snap 4,61,2.832,7.43,2651.17,247107
Control,snap 4,62,0.612,3.263,509.609,47499
Control,snap 4,63,0.74,3.403,695.314,64808
Control,snap 4,64,4.377,10.435,8984.864,837450
Control,snap 4,65,0.976,3.926,1314.873,122555
Control,snap 4,66,0.933,4.053,1428.051,133104
Control,snap 4,67,1.491,5.267,1705.767,158989
Control,snap 4,68,0.923,4.302,926.542,86360
Control,snap 4,69,1.856,5.828,1476.964,137663
Control,snap 4,70,2.382,7.995,2807.05,261636
Control,snap 4,71,1.352,4.711,1488.69,138756
Control,snap 4,72,1.749,5.362,1773.09,165264
Control,snap 4,73,1.266,4.403,837.3,78042
Control,snap 4,74,1.513,5.533,1318.413,122885
Control,snap 4,75,1.481,5.409,1044.86,97388
Control,snap 4,76,5.879,9.216,9889.144,921735
Control,snap 4,77,1.459,4.92,1452.32,135366
Control,snap 4,78,10.793,15.01,18484.69,1722898
Control,snap 4,79,2.296,6.458,3956.559,368778
Control,snap 4,80,1.684,5.796,2609.596,243232
Control,snap 4,81,1.792,5.413,2736.808,255089
Control,snap 4,82,2.028,6.239,1487.65,138659
Control,snap 4,83,2.875,7.348,4943.064,460727
Control,snap 4,84,3.948,8.159,7041.314,656298
Control,snap 4,85,1.845,5.576,1459.959,136078
Control,snap 4,86,4.013,9.183,5359.408,499533
Control,snap 4,87,1.899,5.503,2407.433,224389
Control,snap 4,88,7.682,11.873,18631.847,1736614
Control,snap 4,89,2.017,6.279,2783.403,259432
Control,snap 4,90,2.35,6.272,3369.681,314077
Control,snap 4,91,1.792,5.989,2148.482,200253
Control,snap 4,92,3.648,7.816,4863.338,453296
Control,snap 4,93,2.725,6.813,2240.374,208818
Control,snap 4,94,0.858,3.965,1080.179,100680
Control,snap 4,95,2.457,7.665,2418.312,225403
Control,snap 4,96,4.882,11.352,9588.886,893749
Control,snap 4,97,2.5,7.348,3092.576,288249
Control,snap 4,98,4.764,11.12,8607.681,802294
Control,snap 4,99,1.041,5.036,1172.265,109263
Control,snap 4,100,3.058,8.206,3294.675,307086
Control,snap 4,101,0.933,3.8,1054.752,98310
Control,snap 4,102,1.588,6.159,1918.305,178799
Control,snap 4,103,2.006,5.895,4260.067,397067
Control,snap 4,104,1.717,6.974,2717.485,253288
Control,snap 4,105,0.536,3.95,675.648,62975
Control,snap 4,106,1.373,5.7,1610.677,150126
Control,snap 4,107,0.869,3.833,1284.467,119721
Control,snap 4,108,0.923,3.837,2697.787,251452
Control,snap 4,109,2.736,6.376,4151.073,386908
Control,snap 4,110,1.631,5.307,1215.245,113269
Control,snap 4,111,0.59,3.454,1046.609,97551
Control,snap 5,1,1.245,4.806,3372.588,314348
Control,snap 5,2,0.612,3.155,1354.687,126266
Control,snap 5,3,0.708,3.667,1402.774,130748
Control,snap 5,4,1.642,4.883,4257.996,396874
Control,snap 5,5,1.942,5.287,4471.178,416744
Control,snap 5,6,1.363,5.031,2336.408,217769
Control,snap 5,7,2.285,7.319,5667.164,528218
Control,snap 5,8,2.95,7.433,7673.779,715248
Control,snap 5,9,9.785,16.545,23870.684,2224909
Control,snap 5,10,8.229,11.995,17570.271,1637668
Control,snap 5,11,1.953,5.351,3066.173,285788
Control,snap 5,12,14.226,16.334,35345.324,3294423
Control,snap 5,13,4.238,8.554,8367.827,779938
Control,snap 5,14,6.276,11.091,11316.615,1054785
Control,snap 5,15,2.21,5.811,4333.237,403887
Control,snap 5,16,2.779,6.788,5006.772,466665
Control,snap 5,17,10.3,15.23,24591.79,2292121
Control,snap 5,18,3.551,7.268,7933.642,739469
Control,snap 5,19,1.33,4.872,2473.565,230553
Control,snap 5,20,1.191,4.304,2253.377,210030
Control,snap 5,21,1.91,5.845,3835.763,357519
Control,snap 5,22,0.665,3.649,1591.955,148381
Control,snap 5,23,0.697,3.752,1279.253,119235
Control,snap 5,24,2.167,6.766,3385.913,315590
Control,snap 5,25,0.923,4.013,1282.568,119544
Control,snap 5,26,2.081,5.608,3572.949,333023
Control,snap 5,27,1.223,5.348,2466.763,229919
Control,snap 5,28,0.504,3.43,987.3,92023
Control,snap 5,29,0.708,3.855,1161.643,108273
Control,snap 5,30,0.472,3.309,656.272,61169
Control,snap 5,31,1.931,6.166,4152.113,387005
Control,snap 5,32,1.867,5.613,3053.319,284590
Control,snap 5,33,3.144,7.553,3765.049,350928
Control,snap 5,34,2.253,6.505,3457.196,322234
Control,snap 5,35,1.309,4.599,2974.999,277290
Control,snap 5,36,3.101,6.987,6966.523,649327
Control,snap 5,37,1.717,5.938,3007.765,280344
Control,snap 5,38,1.019,4.277,1596.386,148794
Control,snap 5,39,4.967,9.107,12302.531,1146679
Control,snap 5,40,2.757,6.925,5405.992,503875
Control,snap 5,41,0.966,4.997,1486.791,138579
Control,snap 5,42,1.298,4.443,1356.554,126440
Control,snap 5,43,2.114,5.636,2836.393,264371
Control,snap 5,44,1.266,4.28,1742.095,162375
Control,snap 5,45,1.534,4.753,2677.563,249567
Control,snap 5,46,3.562,7.213,7046.828,656812
Control,snap 5,47,3.09,6.86,6679.194,622546
Control,snap 5,48,4.399,9.69,8634.9,804831
Control,snap 5,49,3.841,8.145,8802.774,820478
Control,snap 5,50,1.298,4.984,2147.613,200172
Control,snap 5,51,2.435,6.655,3816.011,355678
Control,snap 5,52,2.178,6.284,4233.727,394612
Control,snap 5,53,1.18,4.27,1663.259,155027
Control,snap 5,54,1.255,4.117,2192.491,204355
Control,snap 5,55,5.847,11.487,11669.776,1087702
Control,snap 5,56,4.742,9.533,9645.889,899062
Control,snap 5,57,0.944,4.371,1723.62,160653
Control,snap 5,58,2.028,5.901,4206.305,392056
Control,snap 5,59,1.92,5.485,4153.218,387108
Control,snap 5,60,2.897,7.094,6722.292,626563
Control,snap 5,61,3.777,8.989,10796.181,1006277
Control,snap 5,62,3.884,7.61,10499.11,978588
Control,snap 5,63,14.387,16.874,42723.877,3982154
Control,snap 5,64,1.599,5.001,3444.192,321022
Control,snap 5,65,7.778,13.292,17803.699,1659425
Control,snap 5,66,1.899,6.115,3977.684,370747
Control,snap 5,67,1.845,4.981,3532.255,329230
Control,snap 5,68,1.405,4.342,2198.853,204948
Control,snap 5,69,2.232,5.457,5350.76,498727
Control,snap 5,70,3.744,9.555,6758.898,629975
Control,snap 5,71,2.36,7.003,5988.493,558168
Control,snap 5,72,1.395,5.33,1391.948,129739
Control,snap 5,73,2.275,6.765,5996.454,558910
Control,snap 5,74,1.706,5.38,3944.371,367642
Control,snap 5,75,1.148,4.786,1504.065,140189
Control,snap 5,76,1.609,5.419,3778.288,352162
Control,snap 5,77,1.985,5.664,2658.53,247793
Control,snap 5,78,5.525,9.889,10065.601,938182
Control,snap 5,79,0.472,3.013,547.686,51048
Control,snap 5,80,2.092,5.614,2005.037,186883
Control,snap 5,81,3.047,7.278,6158.62,574025
Control,snap 5,82,3.176,8.058,6507.897,606580
Control,snap 5,83,4.678,9.689,10993.356,1024655
Control,snap 5,84,1.405,4.775,1700.875,158533
Control,snap 5,85,6.33,11.655,15394.045,1434829
Control,snap 5,86,11.383,14.194,36383.961,3391231
Control,snap 5,87,3.669,8.923,8165.267,761058
Control,snap 5,88,0.955,3.738,1829.835,170553
Control,snap 5,89,1.277,4.667,1954.697,182191
Control,snap 5,90,1.996,6.352,3215.379,299695
Control,snap 5,91,0.569,3.16,911.136,84924
Control,snap 5,92,2.199,6.229,2996.092,279256
Control,snap 5,93,2.843,7.775,6167.107,574816
Control,snap 5,94,3.337,7.373,6708.72,625298
Control,snap 5,95,4.957,9.919,9178.444,855493
Control,snap 5,96,3.315,7.988,8061.09,751348
Control,snap 5,97,4.141,7.916,10340.86,963838
Control,snap 5,98,3.09,7.537,7247.618,675527
Control,snap 5,99,1.416,5.865,2213.809,206342
Control,snap 5,100,3.133,7.175,4554.09,424472
Control,snap 5,101,3.798,8.187,8660.102,807180
Control,snap 5,102,0.901,4.403,737.575,68747
Control,snap 5,103,2.146,6.99,3513.898,327519
Control,snap 5,104,1.674,5.23,2457.225,229030
Control,snap 5,105,2.457,7.008,3112.65,290120
Control,snap 5,106,1.405,4.558,1798.003,167586
Control,snap 5,107,1.792,6.073,2868.494,267363
Control,snap 5,108,0.912,4.206,1749.616,163076
Control,snap 5,109,0.923,4.312,1524.578,142101
Control,snap 5,110,0.612,3.831,740.097,68982
Control,snap 5,111,0.955,4.443,888.101,82777
Control,snap 5,112,0.783,4.312,677.676,63164
Control,snap 5,113,1.202,4.525,1894.798,176608
Control,snap 5,114,2.275,6.507,2345.109,218580
Control,snap 5,115,1.448,5.566,1543.021,143820
Control,snap 5,116,1.448,6.544,2177.782,202984
Control,snap 5,117,1.094,5.027,1844.233,171895
Control,snap 5,118,0.869,4.522,740.408,69011
Control,snap 5,119,0.955,3.748,900.074,83893
Control,snap 5,120,1.33,4.823,1552.945,144745
Control,snap 5,121,1.287,4.484,913.925,85184
Control,snap 5,122,1.18,4.403,1192.038,111106
Control,snap 6,1,2.425,6.422,4461.554,415847
Control,snap 6,2,10.514,15.165,25472.274,2374188
Control,snap 6,3,3.637,8.431,8477.154,790128
Control,snap 6,4,5.407,9.567,14551.37,1356286
Control,snap 6,5,1.642,5.648,3053.867,284641
Control,snap 6,6,0.687,3.331,922.68,86000
Control,snap 6,7,0.612,3.623,923.967,86120
Control,snap 6,8,0.88,4.049,1900.731,177161
Control,snap 6,9,1.899,5.876,3428.131,319525
Control,snap 6,10,2.553,6.335,5645.342,526184
Control,snap 6,11,1.523,4.633,2460.594,229344
Control,snap 6,12,2.747,6.85,4021.49,374830
Control,snap 6,13,1.663,5.338,3595.587,335133
Control,snap 6,14,2.983,7.711,5571.978,519346
Control,snap 6,15,25.288,26.587,59191.053,5517006
Control,snap 6,16,2.478,6.867,4526.163,421869
Control,snap 6,17,3.541,7.695,9491.876,884707
Control,snap 6,18,4.699,9.361,9863.309,919327
Control,snap 6,19,1.899,5.636,3479.716,324333
Control,snap 6,20,1.159,4.423,2170.68,202322
Control,snap 6,21,1.792,6.273,2721.498,253662
Control,snap 6,22,1.448,5.132,2347.298,218784
Control,snap 6,23,1.169,4.243,1617.554,150767
Control,snap 6,24,0.837,3.825,1601.418,149263
Control,snap 6,25,1.717,5.388,3280.706,305784
Control,snap 6,26,0.719,3.774,1151.193,107299
Control,snap 6,27,1.159,4.622,1384.696,129063
Control,snap 6,28,1.706,5.627,3389.196,315896
Control,snap 6,29,1.481,4.586,1902.952,177368
Control,snap 6,30,1.727,5.633,2710.297,252618
Control,snap 6,31,1.781,5.785,1961.821,182855
Control,snap 6,32,1.212,5.357,1500.61,139867
Control,snap 6,33,0.901,4.204,1238.59,115445
Control,snap 6,34,1.813,5.689,2580.532,240523
Control,snap 6,35,1.019,4.12,1454.144,135536
Control,snap 6,36,1.695,5.438,2628.897,245031
Control,snap 6,37,1.266,4.571,1235.672,115173
Control,snap 6,38,1.223,4.557,1750.034,163115
Control,snap 6,39,1.363,4.676,2531.919,235992
Control,snap 6,40,1.287,4.462,2277.024,212234
Control,snap 6,41,1.137,4.567,1050.471,97911
Control,snap 6,42,0.998,4.041,762.756,71094
Control,snap 6,43,0.719,4.107,817.505,76197
Control,snap 7,1,3.991,9.027,8892.134,828807
Control,snap 7,2,7.349,11.281,17463.069,1627676
Control,snap 7,3,2.393,7.411,5407.956,504058
Control,snap 7,4,3.026,6.588,5792.96,539943
Control,snap 7,5,3.498,8.415,3853.723,359193
Control,snap 7,6,2.328,5.658,4266.729,397688
Control,snap 7,7,3.347,8.363,5118.105,477042
Control,snap 7,8,1.491,4.818,2765.357,257750
Control,snap 7,9,5.15,11.834,9725.368,906470
Control,snap 7,10,0.633,4.371,1114.308,103861
Control,snap 7,11,1.502,4.876,2497.684,232801
Control,snap 7,12,0.805,4.037,1368.27,127532
Control,snap 7,13,2.747,6.538,5367.154,500255
Control,snap 7,14,3.583,8.014,7551.953,703893
Control,snap 7,15,5.203,9.593,12499.287,1165018
Control,snap 7,16,4.764,9.019,10990.909,1024427
Control,snap 7,17,2.532,7.061,4426.138,412546
Control,snap 7,18,1.77,5.335,3464.191,322886
Control,snap 7,19,4.764,10.087,12801.744,1193209
Control,snap 7,20,0.998,3.853,1388.762,129442
Control,snap 7,21,1.287,4.642,2135.961,199086
Control,snap 7,22,0.536,3.414,713.564,66509
Control,snap 7,23,1.266,4.97,1840.725,171568
Control,snap 7,24,1.566,5.328,2838.517,264569
Control,snap 7,25,1.963,6.039,4018.196,374523
Control,snap 7,26,2.21,6.401,3050.315,284310
Control,snap 7,27,2.414,6.428,3207.031,298917
Control,snap 7,28,1.041,4.411,1590.657,148260
Control,snap 7,29,1.899,5.752,3583.163,333975
Control,snap 7,30,2.264,5.801,3183.031,296680
Control,snap 7,31,1.652,5.171,2949.282,274893
Control,snap 7,32,3.111,7.437,6212.951,579089
Control,snap 7,33,3.766,7.822,5648.271,526457
Control,snap 7,34,3.841,9.049,7319.995,682273
Control,snap 7,35,0.976,4.394,2138.59,199331
Control,snap 7,36,1.695,5.421,3121.877,290980
Control,snap 7,37,1.985,6.389,3980.055,370968
Control,snap 7,38,0.73,3.568,1004.519,93628
Control,snap 7,39,1.717,5.534,2166.849,201965
Control,snap 7,40,7.178,12.271,15305.65,1426590
Control,snap 7,41,3.111,7.245,6815.375,635239
Control,snap 7,42,0.89,3.84,1754.637,163544
Control,snap 7,43,0.429,3.217,721.203,67221
Control,snap 7,44,1.609,5.297,2092.284,195015
Control,snap 7,45,1.674,6.304,2327.224,216913
Control,snap 7,46,3.723,8.173,8900.342,829572
Control,snap 7,47,1.159,4.655,2418.548,225425
Control,snap 7,48,1.502,5.514,2332.363,217392
Control,snap 7,49,2.36,6.655,4061.401,378550
Control,snap 7,50,1.856,6.191,1927.993,179702
Control,snap 7,51,0.88,3.714,1261.185,117551
Control,snap 7,52,0.697,3.322,695.636,64838
Control,snap 7,53,1.942,5.642,1860.348,173397
Control,snap 7,54,2.189,6.293,2178.576,203058
Control,snap 8,1,1.684,5.082,2932.92,273368
Control,snap 8,2,1.073,4.069,1477.296,137694
Control,snap 8,3,1.534,5.883,3018.826,281375
Control,snap 8,4,0.976,3.898,1272.633,118618
Control,snap 8,5,1.062,4.33,1822.625,169881
Control,snap 8,6,1.76,5.415,2839.118,264625
Control,snap 8,7,2.789,6.421,4517.527,421064
Control,snap 8,8,2.457,6.024,4737.339,441552
Control,snap 8,9,2.06,5.944,2590.821,241482
Control,snap 8,10,3.304,7.69,5651.5,526758
Control,snap 8,11,4.839,8.901,7781.786,725315
Control,snap 8,12,0.966,4.256,1131.57,105470
Control,snap 8,13,1.416,4.693,2052.705,191326
Control,snap 8,14,0.772,4.105,1005.807,93748
Control,snap 8,15,1.395,5.408,1553.45,144792
Control,snap 8,16,1.116,4.485,1787.156,166575
Control,snap 8,17,1.62,5.915,2230.783,207924
Control,snap 8,18,2.092,5.753,2267.303,211328
Control,snap 8,19,1.041,3.995,1366.221,127341
Control,snap 8,20,0.772,3.921,615.309,57351
Control,snap 8,21,11.941,14.6,23603.997,2200052
Control,snap 8,22,6.051,10.05,12367.237,1152710
Control,snap 8,23,2.081,6.117,3837.147,357648
Control,snap 8,24,0.697,3.34,1479.335,137884
Control,snap 8,25,0.998,3.678,1459.368,136023
Control,snap 8,26,0.912,3.945,1321.267,123151
Control,snap 8,27,0.805,3.528,1274.296,118773
Control,snap 8,28,0.805,3.776,1339.302,124832
Control,snap 8,29,2.135,5.263,3252.908,303193
Control,snap 8,30,1.363,5.408,1365.502,127274
Control,snap 8,31,1.073,5.637,933.43,87002
Control,snap 8,32,0.805,4.151,1384.363,129032
Control,snap 8,33,4.206,8.583,8635.597,804896
Control,snap 8,34,0.751,3.12,1304.176,121558
Control,snap 8,35,1.094,3.884,1176.685,109675
Control,snap 8,36,1.416,4.44,1514.783,141188
Control,snap 8,37,4.796,9.392,9686.841,902879
Control,snap 8,38,1.599,5.634,1862.762,173622
Control,snap 8,39,1.116,4.308,1567.869,146136
Control,snap 8,40,1.223,4.816,2456.914,229001
Control,snap 8,41,1.062,4.315,1423.395,132670
Control,snap 8,42,1.513,5.172,2011.914,187524
Control,snap 8,43,2.006,5.424,3059.51,285167
Control,snap 8,44,1.448,4.768,1581.784,147433
Control,snap 8,45,6.588,12.392,11804.949,1100301
Control,snap 8,46,1.706,5.008,3284.837,306169
Control,snap 8,47,0.815,3.317,1037.521,96704
Control,snap 8,48,2.339,5.56,3640.337,339304
Control,snap 8,49,3.562,7.354,3941.41,367366
Control,snap 8,50,1.577,5.196,2975.911,277375
Control,snap 8,51,1.427,5.157,1907.566,177798
Control,snap 8,52,1.084,4.596,1371.328,127817
Control,snap 8,53,0.912,4.304,771.639,71922
Control,snap 8,54,1.545,4.977,1960.963,182775
Control,snap 8,55,1.255,4.945,879.11,81939
Control,snap 8,56,1.245,4.579,1065.331,99296
Control,snap 8,57,1.845,6.011,2510.569,234002
Control,snap 8,58,6.909,11.558,17219.943,1605015
Control,snap 8,59,5.89,11.52,8774.525,817845
Control,snap 8,60,3.401,7.574,5764.207,537263
Control,snap 8,61,1.674,5.341,2371.931,221080
Control,snap 8,62,0.815,4.216,812.967,75774
Control,snap 8,63,4.41,9.641,6935.463,646432
Control,snap 8,64,1.577,5.302,2358.724,219849
Control,snap 8,65,1.062,4.262,1337.982,124709
Control,snap 8,66,2.103,6.649,2806.245,261561
Control,snap 8,67,1.717,5.455,2651.128,247103
Control,snap 8,68,0.772,4.291,871.45,81225
Control,snap 8,69,0.461,3.026,401.194,37394
Control,snap 8,70,2.822,7.116,6353.381,592178
Control,snap 8,71,3.058,8.581,6098.721,568442
Control,snap 8,72,0.912,4.361,1160.538,108170
Control,snap 8,73,1.695,5.669,3111.48,290011
Control,snap 8,74,3.068,8.043,5319.228,495788
Control,snap 8,75,2.8,6.452,4271.611,398143
Control,snap 8,76,4.635,9.795,9150.946,852930
Control,snap 8,77,0.644,3.092,643.258,59956
Control,snap 8,78,0.612,3.329,762.713,71090
Control,snap 8,79,0.955,4.088,1412.323,131638
Control,snap 8,80,1.051,4.001,1340.74,124966
Control,snap 8,81,0.418,2.554,420.527,39196
Control,snap 8,82,0.848,3.865,981.86,91516
Control,snap 8,83,2.661,6.582,3017.71,281271
Control,snap 8,84,1.792,5.596,2498.403,232868
Control,snap 8,85,3.369,8.033,4357.281,406128
Control,snap 8,86,0.73,3.437,819.855,76416
Control,snap 8,87,0.955,3.571,939.814,87597
Control,snap 8,88,0.805,3.821,852.288,79439
Control,snap 8,89,0.59,3.952,1156.687,107811
Control,snap 8,90,0.354,3.233,431.374,40207
Control,snap 8,91,0.987,4.122,890.923,83040
Control,snap 8,92,1.223,4.459,1970.973,183708
Control,snap 8,93,1.588,5.435,1872.954,174572
Control,snap 8,94,0.654,3.598,651.916,60763
Control,snap 8,95,0.59,3.345,736.138,68613
Control,snap 8,96,0.966,3.849,941.273,87733
Control,snap 8,97,2.435,6.422,1970.447,183659
Control,snap 9,1,1.084,3.994,1722.858,160582
Control,snap 9,2,3.637,8.319,7137.991,665309
Control,snap 9,3,1.438,5.693,2444.415,227836
Control,snap 9,4,0.676,4.003,793.086,73921
Control,snap 9,5,2.811,9.254,3731.232,347776
Control,snap 9,6,0.837,3.576,908.475,84676
Control,snap 9,7,0.515,3.023,488.023,45487
Control,snap 9,8,2.371,6.393,2506.245,233599
Control,snap 9,9,0.74,3.78,811.121,75602
Control,snap 9,10,4.098,8.837,6102.873,568829
Control,snap 9,11,0.536,3.457,632.315,58936
Control,snap 9,12,0.783,3.996,909.258,84749
Control,snap 9,13,0.354,2.373,453.948,42311
Control,snap 9,14,0.73,3.676,912.391,85041
Control,snap 9,15,0.44,2.967,397.943,37091
Control,snap 9,16,0.354,2.483,476.918,44452
Control,snap 9,17,1.652,5.332,1236.799,115278
Control,snap 9,18,0.29,2.323,361.412,33686
Control,snap 9,19,0.601,3.71,731.514,68182
Control,snap 9,20,1.824,5.917,2268.687,211457
Control,snap 9,21,1.202,4.678,2117.915,197404
Control,snap 9,22,0.751,3.304,820.37,76464
Control,snap 9,23,0.579,2.936,513.021,47817
Control,snap 9,24,1.835,5.529,1874.875,174751
Control,snap 9,25,0.826,3.791,907.938,84626
Control,snap 9,26,2.049,6.384,3847.682,358630
Control,snap 9,27,4.034,8.54,8487.625,791104
Control,snap 9,28,1.062,4.059,1884.563,175654
Control,snap 9,29,1.684,4.952,2275.586,212100
Control,snap 9,30,0.901,4.098,1466.696,136706
Control,snap 9,31,1.985,5.361,3649.027,340114
Control,snap 9,32,1.395,4.664,1645.031,153328
Control,snap 9,33,1.878,5.159,2351.621,219187
Control,snap 9,34,1.502,4.524,1999.909,186405
Control,snap 9,35,0.837,3.763,1084.17,101052
Control,snap 9,36,6.244,10.407,9434.102,879322
Control,snap 9,37,0.665,4.232,760.986,70929
Control,snap 9,38,0.376,2.413,424.443,39561
Control,snap 9,39,1.888,5.99,4194.642,390969
Control,snap 9,40,1.223,4.474,1703.492,158777
Control,snap 9,41,1.255,4.504,1707.205,159123
Control,snap 9,42,4.431,8.223,7486.453,697788
Control,snap 9,43,0.987,3.935,885.118,82499
Control,snap 9,44,1.223,4.177,2236.919,208496
Control,snap 9,45,1.137,4.6,1865.68,173894
Control,snap 9,46,0.451,3.087,406.945,37930
Control,snap 9,47,1.245,4.6,2173.34,202570
Control,snap 9,48,0.869,4.34,789.986,73632
Control,snap 9,49,0.526,3.256,628.957,58623
Control,snap 9,50,0.644,2.914,544.971,50795
Control,snap 9,51,0.74,3.664,1245.425,116082
Control,snap 9,52,0.697,3.239,660.478,61561
Control,snap 9,53,0.354,2.474,338.001,31504
Control,snap 9,54,0.182,1.975,227.387,21194
Control,snap 9,55,0.44,2.739,505.682,47133
Control,snap 9,56,0.365,3.017,344.278,32089
Control,snap 9,57,0.397,2.783,309.86,28881
Control,snap 9,58,0.397,2.709,340.469,31734
Control,snap 9,59,0.547,3.783,382.504,35652
Control,snap 10,1,5.053,9.413,12855.581,1198227
Control,snap 10,2,2.049,5.583,2566.617,239226
Control,snap 10,3,3.229,8.152,3760.779,350530
Control,snap 10,4,0.805,3.557,1356.94,126476
Control,snap 10,5,1.642,5.521,2222.264,207130
Control,snap 10,6,1.234,4.564,1049.441,97815
Control,snap 10,7,1.116,4.27,1395.156,130038
Control,snap 10,8,1.277,4.585,2470.508,230268
Control,snap 10,9,0.901,4.074,1188.004,110730
Control,snap 10,10,1.137,4.627,1726.409,160913
Control,snap 10,11,0.976,4.653,1564.597,145831
Control,snap 10,12,2.478,6.736,4777.787,445322
Control,snap 10,13,1.105,4.591,1911.589,178173
Control,snap 10,14,0.633,2.975,779.439,72649
Control,snap 10,15,3.294,8.327,5045.729,470296
Control,snap 10,16,1.277,4.587,2214.024,206362
Control,snap 10,17,1.523,4.776,2501.353,233143
Control,snap 10,18,5.965,9.893,14838.549,1383053
Control,snap 10,19,1.148,4.486,1383.473,128949
Control,snap 10,20,2.596,6.422,4952.677,461623
Control,snap 10,21,0.955,3.87,1191.759,111080
Control,snap 10,22,4.174,8.944,10058.509,937521
Control,snap 10,23,1.577,5.771,4032.444,375851
Control,snap 10,24,4.324,9.416,10342.748,964014
Control,snap 10,25,1.287,4.709,1687.764,157311
Control,snap 10,26,1.674,4.901,3956.569,368779
Control,snap 10,27,5.322,13.509,10430.907,972231
Control,snap 10,28,1.845,6.452,2944.701,274466
Control,snap 10,29,1.642,4.664,2562.293,238823
Control,snap 10,30,1.416,4.994,2396.125,223335
Control,snap 10,31,0.622,3.569,1014.723,94579
Control,snap 10,32,0.858,4.357,1414.919,131880
Control,snap 10,33,2.886,6.449,6675.686,622219
Control,snap 10,34,1.094,4.405,1026.138,95643
Control,snap 10,35,1.491,4.934,2033.898,189573
Control,snap 10,36,0.944,5.308,986.441,91943
0.5uM,snap 0,1,1.395,6.161,2498.37,232865
0.5uM,snap 0,2,1.384,6.751,1917.64,178737
0.5uM,snap 0,3,0.987,6.544,1358.12,126586
0.5uM,snap 0,4,1.33,7.186,2092.971,195079
0.5uM,snap 0,5,0.386,3.182,454.087,42324
0.5uM,snap 0,6,1.942,7.757,4985.143,464649
0.5uM,snap 0,7,1.159,5.957,2341.826,218274
0.5uM,snap 0,8,1.717,8.559,4726.213,440515
0.5uM,snap 0,9,0.966,7.152,2622.439,244429
0.5uM,snap 0,10,2.371,9.259,5935.181,553199
0.5uM,snap 0,11,1.405,8.177,3803.812,354541
0.5uM,snap 0,12,1.652,6.612,4043.151,376849
0.5uM,snap 0,13,2.489,9.525,6391.64,595744
0.5uM,snap 0,14,2.103,8.005,3329.962,310375
0.5uM,snap 0,15,0.751,4.685,988.802,92163
0.5uM,snap 0,16,1.298,6.192,2382.885,222101
0.5uM,snap 0,17,2.65,9.202,5294.52,493485
0.5uM,snap 0,18,2.532,7.378,5294.434,493477
0.5uM,snap 0,19,0.966,4.796,1417.783,132147
0.5uM,snap 0,20,1.47,5.398,2146.111,200032
0.5uM,snap 0,21,3.98,10.969,8937.421,833028
0.5uM,snap 0,22,0.461,3.109,810.574,75551
0.5uM,snap 0,23,1.684,7.284,3040.681,283412
0.5uM,snap 0,24,1.835,8.189,3413.905,318199
0.5uM,snap 0,25,0.955,5.341,1736.205,161826
0.5uM,snap 0,26,0.912,5.338,1666.145,155296
0.5uM,snap 0,27,0.279,2.755,392.418,36576
0.5uM,snap 0,28,1.534,6.475,2321.312,216362
0.5uM,snap 0,29,0.633,4.762,842.965,78570
0.5uM,snap 0,30,0.719,4.84,886.652,82642
0.5uM,snap 0,31,1.223,6.142,2108.259,196504
0.5uM,snap 0,32,0.569,3.964,1096.691,102219
0.5uM,snap 0,33,1.03,5.345,2447.376,228112
0.5uM,snap 0,34,0.654,4.348,1228.784,114531
0.5uM,snap 0,35,0.386,3.063,573.134,53420
0.5uM,snap 0,36,1.03,6.922,1991.422,185614
0.5uM,snap 0,37,5.397,14.475,13661.209,1273317
0.5uM,snap 0,38,4.023,12.002,11022.892,1027408
0.5uM,snap 0,39,1.202,5.852,2823.658,263184
0.5uM,snap 0,40,1.245,7.149,2645.506,246579
0.5uM,snap 0,41,2.95,9.494,7714.291,719024
0.5uM,snap 0,42,1.148,5.924,2191.257,204240
0.5uM,snap 0,43,2.832,9.79,6156.238,573803
0.5uM,snap 0,44,6.105,13.926,17790.631,1658207
0.5uM,snap 0,45,1.266,6.17,3258.38,303703
0.5uM,snap 0,46,1.169,5.536,2284.566,212937
0.5uM,snap 0,47,1.18,5.705,2146.733,200090
0.5uM,snap 0,48,3.079,10.43,7577.337,706259
0.5uM,snap 0,49,0.429,3.51,667.108,62179
0.5uM,snap 0,50,0.343,3.093,607.649,56637
0.5uM,snap 0,51,0.268,2.565,439.292,40945
0.5uM,snap 0,52,0.955,4.841,1897.212,176833
0.5uM,snap 0,53,0.901,6.731,1845.07,171973
0.5uM,snap 0,54,0.901,7.345,1874.199,174688
0.5uM,snap 0,55,0.708,4.47,1325.988,123591
0.5uM,snap 1,1,1.159,4.164,2192.298,204337
0.5uM,snap 1,2,1.309,4.629,2364.239,220363
0.5uM,snap 1,3,0.869,4.054,1549.405,144415
0.5uM,snap 1,4,2.103,5.665,3865.75,360314
0.5uM,snap 1,5,0.633,3.193,1105.746,103063
0.5uM,snap 1,6,0.633,3.3,570.785,53201
0.5uM,snap 1,7,3.948,7.835,6209.936,578808
0.5uM,snap 1,8,6.813,12.101,15393.444,1434773
0.5uM,snap 1,9,4.935,9.999,8640.372,805341
0.5uM,snap 1,10,1.781,5.569,4113.221,383380
0.5uM,snap 1,11,1.856,5.725,3615.339,336974
0.5uM,snap 1,12,1.266,4.84,1756.386,163707
0.5uM,snap 1,13,1.727,5.358,3484.672,324795
0.5uM,snap 1,14,3.819,9.091,8922.937,831678
0.5uM,snap 1,15,2.457,7.31,4108.661,382955
0.5uM,snap 1,16,2.296,5.778,6185.292,576511
0.5uM,snap 1,17,1.373,5.651,1888.071,175981
0.5uM,snap 1,18,0.633,3.513,1059.998,98799
0.5uM,snap 1,19,3.229,7.908,6566.423,612035
0.5uM,snap 1,20,4.431,9.063,4858.264,452823
0.5uM,snap 1,21,2.521,6.933,6329.048,589910
0.5uM,snap 1,22,1.963,6.456,2609.328,243207
0.5uM,snap 1,23,0.697,3.66,1676.027,156217
0.5uM,snap 1,24,2.017,6.139,3987.415,371654
0.5uM,snap 1,25,2.457,6.407,5913.713,551198
0.5uM,snap 1,26,0.483,3.13,1089.299,101530
0.5uM,snap 1,27,1.363,4.816,3088.682,287886
0.5uM,snap 1,28,4.109,8.571,8927.583,832111
0.5uM,snap 1,29,7.113,12.153,13660.233,1273226
0.5uM,snap 1,30,5.364,9.679,14480.206,1349653
0.5uM,snap 1,31,7.135,10.523,19253.851,1794589
0.5uM,snap 1,32,1.03,4.802,1660.877,154805
0.5uM,snap 1,33,0.987,3.733,1954.805,182201
0.5uM,snap 1,34,3.208,6.96,5127.075,477878
0.5uM,snap 1,35,1.642,5.69,3293.034,306933
0.5uM,snap 1,36,7.725,11.613,23907.323,2228324
0.5uM,snap 1,37,17.885,19.864,48223.157,4494724
0.5uM,snap 1,38,2.865,6.853,4404.498,410529
0.5uM,snap 1,39,0.858,4.056,1342.553,125135
0.5uM,snap 1,40,2.307,6.225,3976.15,370604
0.5uM,snap 1,41,1.824,5.484,2559.482,238561
0.5uM,snap 1,42,1.674,5.868,2323.501,216566
0.5uM,snap 1,43,4.313,8.342,11644.746,1085369
0.5uM,snap 1,44,3.444,8.628,7272.069,677806
0.5uM,snap 1,45,1.277,4.927,2320.561,216292
0.5uM,snap 1,46,2.275,6.292,2963.852,276251
0.5uM,snap 1,47,1.266,4.249,1825.715,170169
0.5uM,snap 1,48,2.607,7.18,5814.804,541979
0.5uM,snap 1,49,3.465,7.828,7357.879,685804
0.5uM,snap 1,50,1.084,4.486,1696.508,158126
0.5uM,snap 1,51,3.841,8.106,6606.624,615782
0.5uM,snap 1,52,0.815,3.488,1158.274,107959
0.5uM,snap 1,53,0.461,2.891,598.347,55770
0.5uM,snap 1,54,0.526,3.112,693.93,64679
0.5uM,snap 1,55,1.298,4.179,1935.096,180364
0.5uM,snap 1,56,0.558,3.285,883.466,82345
0.5uM,snap 1,57,1.191,4.274,1375.962,128249
0.5uM,snap 1,58,0.494,3.528,414.294,38615
0.5uM,snap 1,59,0.772,3.588,798.944,74467
0.5uM,snap 1,60,0.848,3.476,1312.04,122291
0.5uM,snap 1,61,0.665,3.587,945.854,88160
0.5uM,snap 2,1,2.071,6.07,4332.497,403818
0.5uM,snap 2,2,3.262,7.488,6268.322,584250
0.5uM,snap 2,3,5.751,9.327,14819.655,1381292
0.5uM,snap 2,4,4.313,7.903,9663.42,900696
0.5uM,snap 2,5,0.44,2.645,585.709,54592
0.5uM,snap 2,6,1.92,5.285,4711.933,439184
0.5uM,snap 2,7,1.92,5.75,4921.896,458754
0.5uM,snap 2,8,0.783,3.718,1083.194,100961
0.5uM,snap 2,9,1.62,5.081,1964.332,183089
0.5uM,snap 2,10,1.813,5.921,2704.557,252083
0.5uM,snap 2,11,1.363,4.85,2143.396,199779
0.5uM,snap 2,12,1.341,5.259,3052.354,284500
0.5uM,snap 2,13,1.266,5.051,2218.294,206760
0.5uM,snap 2,14,2.918,6.836,8514.898,793646
0.5uM,snap 2,15,1.223,4.506,1717.858,160116
0.5uM,snap 2,16,1.985,6.711,2569.481,239493
0.5uM,snap 2,17,2.908,6.979,8300.353,773649
0.5uM,snap 2,18,0.869,3.71,1581.13,147372
0.5uM,snap 2,19,1.405,5.034,2874.738,267945
0.5uM,snap 2,20,5.15,8.969,10460.336,974974
0.5uM,snap 2,21,1.695,5.581,2272.142,211779
0.5uM,snap 2,22,1.395,5.02,1786.802,166542
0.5uM,snap 2,23,0.826,3.763,1506.414,140408
0.5uM,snap 2,24,1.084,4.339,1868.727,174178
0.5uM,snap 2,25,8.776,12.045,22455.422,2092997
0.5uM,snap 2,26,2.478,6.129,5809.364,541472
0.5uM,snap 2,27,2.253,5.645,3026.873,282125
0.5uM,snap 2,28,0.687,3.159,1293.35,120549
0.5uM,snap 2,29,1.459,4.822,2461.967,229472
0.5uM,snap 2,30,0.59,3.534,767.798,71564
0.5uM,snap 2,31,1.427,5.57,1915.516,178539
0.5uM,snap 2,32,0.472,2.696,812.194,75702
0.5uM,snap 2,33,0.429,2.684,458.432,42729
0.5uM,snap 3,1,0.987,4.149,1351.898,126006
0.5uM,snap 3,2,0.837,3.608,1683.934,156954
0.5uM,snap 3,3,1.298,4.565,2875.028,267972
0.5uM,snap 3,4,0.89,3.688,1602.126,149329
0.5uM,snap 3,5,1.245,4.864,1930.236,179911
0.5uM,snap 3,6,1.116,4.656,1868.416,174149
0.5uM,snap 3,7,2.21,6.081,4405.7,410641
0.5uM,snap 3,8,2.264,5.759,4495.318,418994
0.5uM,snap 3,9,1.534,4.669,2497.598,232793
0.5uM,snap 3,10,2.714,6.837,5791.715,539827
0.5uM,snap 3,11,3.004,6.578,7411.458,690798
0.5uM,snap 3,12,0.719,3.293,1214.697,113218
0.5uM,snap 3,13,9.602,16.524,24059.554,2242513
0.5uM,snap 3,14,1.695,4.918,3818.94,355951
0.5uM,snap 3,15,0.719,3.126,1202.166,112050
0.5uM,snap 3,16,1.534,5.318,3298.205,307415
0.5uM,snap 3,17,2.693,6.827,5939.173,553571
0.5uM,snap 3,18,5.021,9.084,12370.144,1152981
0.5uM,snap 3,19,3.326,8.313,8292.339,772902
0.5uM,snap 3,20,4.774,10.699,9483.315,883909
0.5uM,snap 3,21,2.156,6.387,4262.631,397306
0.5uM,snap 3,22,3.304,8.743,7128.239,664400
0.5uM,snap 3,23,1.277,5.475,2652.136,247197
0.5uM,snap 3,24,1.073,4.211,1766.106,164613
0.5uM,snap 3,25,0.612,3.537,1079.074,100577
0.5uM,snap 3,26,1.009,4.3,2363.487,220293
0.5uM,snap 3,27,1.287,6.772,2196.107,204692
0.5uM,snap 3,28,0.569,2.988,1380.05,128630
0.5uM,snap 3,29,0.762,3.493,990.883,92357
0.5uM,snap 3,30,2.114,6.854,3650.444,340246
0.5uM,snap 3,31,2.414,7.39,3281.811,305887
0.5uM,snap 3,32,7.864,13.854,19079.765,1778363
0.5uM,snap 3,33,12.338,18.959,32909.031,3067344
0.5uM,snap 3,34,2.918,7.117,6066.105,565402
0.5uM,snap 3,35,10.825,15.98,18305.025,1706152
0.5uM,snap 3,36,2.35,6.827,5372.561,500759
0.5uM,snap 3,37,2.21,5.981,4974.865,463691
0.5uM,snap 3,38,1.802,5.534,3847.017,358568
0.5uM,snap 3,39,1.105,4.079,1660.03,154726
0.5uM,snap 3,40,2.8,7.298,6197.276,577628
0.5uM,snap 3,41,1.03,4.108,1733.029,161530
0.5uM,snap 3,42,1.062,3.987,1965.094,183160
0.5uM,snap 3,43,0.815,3.757,1079.578,100624
0.5uM,snap 3,44,0.998,4.168,1684.588,157015
0.5uM,snap 3,45,1.878,5.107,4766.854,444303
0.5uM,snap 3,46,1.212,4.504,2586.057,241038
0.5uM,snap 3,47,1.127,4.321,1966.553,183296
0.5uM,snap 3,48,2.199,5.521,4327.53,403355
0.5uM,snap 3,49,0.719,3.397,1041.877,97110
0.5uM,snap 3,50,0.558,3.168,713.865,66537
0.5uM,snap 3,51,4.538,8.528,9201.061,857601
0.5uM,snap 3,52,0.976,4.08,1781.437,166042
0.5uM,snap 3,53,5.568,9.607,12536.033,1168443
0.5uM,snap 3,54,1.609,4.974,2776.709,258808
0.5uM,snap 3,55,2.736,7.06,4988.941,465003
0.5uM,snap 3,56,0.815,4.213,1244.041,115953
0.5uM,snap 3,57,1.298,4.47,2494.326,232488
0.5uM,snap 3,58,1.019,4.278,1411.507,131562
0.5uM,snap 3,59,6.276,9.446,13015.183,1213103
0.5uM,snap 3,60,5.654,11.211,11005.855,1025820
0.5uM,snap 3,61,2.242,6.451,3406.32,317492
0.5uM,snap 3,62,1.309,4.604,1671.714,155815
0.5uM,snap 3,63,0.783,3.778,1207.734,112569
0.5uM,snap 3,64,0.515,3.368,674.683,62885
0.5uM,snap 3,65,0.923,3.896,1855.059,172904
0.5uM,snap 3,66,0.783,4.203,985.937,91896
0.5uM,snap 3,67,0.354,2.447,457.349,42628
0.5uM,snap 3,68,0.494,3.029,896.512,83561
0.5uM,snap 3,69,0.633,2.939,669.265,62380
0.5uM,snap 3,70,4.581,9.249,9781.759,911726
0.5uM,snap 3,71,1.309,4.629,1980.886,184632
0.5uM,snap 3,72,0.987,3.838,1513.388,141058
0.5uM,snap 3,73,0.687,3.321,1010.731,94207
0.5uM,snap 3,74,1.084,3.867,2031.655,189364
0.5uM,snap 3,75,1.481,4.92,3256.813,303557
0.5uM,snap 3,76,0.783,3.85,1310.56,122153
0.5uM,snap 3,77,0.783,3.802,1478.251,137783
0.5uM,snap 3,78,0.386,2.7,536.925,50045
0.5uM,snap 3,79,0.815,3.698,1512.262,140953
0.5uM,snap 3,80,0.912,3.864,1270.434,118413
0.5uM,snap 3,81,0.612,2.95,938.43,87468
0.5uM,snap 3,82,1.47,4.893,1654.783,154237
0.5uM,snap 3,83,1.942,6.817,2675.45,249370
0.5uM,snap 3,84,5.375,13.653,11474.351,1069487
0.5uM,snap 3,85,2.124,6.047,4248.447,395984
0.5uM,snap 3,86,1.212,4.707,2330.561,217224
0.5uM,snap 3,87,5.257,9.913,12035.941,1121831
0.5uM,snap 3,88,4.356,10.122,9695.188,903657
0.5uM,snap 3,89,2.521,7.501,4628.677,431424
0.5uM,snap 3,90,1.041,4.963,1273.76,118723
0.5uM,snap 3,91,2.21,6.36,2943.156,274322
0.5uM,snap 3,92,4.817,9.844,10008.266,932838
0.5uM,snap 3,93,1.856,5.37,3195.637,297855
0.5uM,snap 3,94,4.474,9.44,9683.332,902552
0.5uM,snap 3,95,1.363,4.757,2335.528,217687
0.5uM,snap 3,96,1.33,4.733,2729.008,254362
0.5uM,snap 3,97,0.494,3.045,701.151,65352
0.5uM,snap 3,98,1.609,5.363,2257.208,210387
0.5uM,snap 3,99,1.18,4.495,1693.761,157870
0.5uM,snap 3,100,1.491,4.644,2921.054,272262
0.5uM,snap 3,101,1.491,4.72,4172.208,388878
0.5uM,snap 3,102,18.293,20.984,51135.285,4766154
0.5uM,snap 3,103,13.636,18.677,31870.576,2970553
0.5uM,snap 3,104,1.33,5.921,2266.746,211276
0.5uM,snap 3,105,5.236,9.866,9543.182,889489
0.5uM,snap 3,106,1.266,4.743,2350.398,219073
0.5uM,snap 3,107,0.697,3.475,1130.809,105399
0.5uM,snap 3,108,1.77,5.64,3025.725,282018
0.5uM,snap 3,109,1.266,4.269,1852.376,172654
0.5uM,snap 3,110,0.912,3.825,1470.762,137085
0.5uM,snap 3,111,1.223,4.481,2024.424,188690
0.5uM,snap 3,112,0.89,3.589,1334.903,124422
0.5uM,snap 3,113,7.296,12.97,17059.869,1590095
0.5uM,snap 3,114,0.88,3.876,1262.956,117716
0.5uM,snap 3,115,0.912,4.32,1255.027,116977
0.5uM,snap 3,116,1.051,4.148,1664,155096
0.5uM,snap 3,117,1.159,4.241,1668.173,155485
0.5uM,snap 3,118,2.747,8.328,2950.441,275001
0.5uM,snap 3,119,1.019,4.091,1204.816,112297
0.5uM,snap 3,120,1.77,6.552,1800.985,167864
0.5uM,snap 3,121,0.612,3.128,792.003,73820
0.5uM,snap 3,122,0.794,3.724,766.007,71397
0.5uM,snap 3,123,0.74,3.517,892.5,83187
0.5uM,snap 3,124,0.569,2.835,544.306,50733
0.5uM,snap 3,125,0.933,4.001,849.788,79206
0.5uM,snap 3,126,0.569,3.087,985.508,91856
0.5uM,snap 3,127,0.88,3.813,838.587,78162
0.5uM,snap 3,128,1.599,5.497,2161.753,201490
0.5uM,snap 3,129,5.547,11.397,7150.759,666499
0.5uM,snap 4,1,1.019,4.45,1656.682,154414
0.5uM,snap 4,2,1.405,4.738,1888.704,176040
0.5uM,snap 4,3,1.223,5.049,1158.081,107941
0.5uM,snap 4,4,1.717,5.135,1967.175,183354
0.5uM,snap 4,5,2.607,7.212,2708.731,252472
0.5uM,snap 4,6,1.266,4.628,1322.329,123250
0.5uM,snap 4,7,2.8,7.425,3066.419,285811
0.5uM,snap 4,8,1.03,4.237,1174.711,109491
0.5uM,snap 4,9,1.159,4.536,1560.112,145413
0.5uM,snap 4,10,1.491,5.532,1575.755,146871
0.5uM,snap 4,11,1.245,4.525,1424.071,132733
0.5uM,snap 4,12,0.933,4.313,1759.357,163984
0.5uM,snap 4,13,0.719,3.581,1033.477,96327
0.5uM,snap 4,14,1.609,5.546,2059.851,191992
0.5uM,snap 4,15,0.547,3.262,686.581,63994
0.5uM,snap 4,16,0.408,2.599,631.789,58887
0.5uM,snap 4,17,1.974,5.686,4040.984,376647
0.5uM,snap 4,18,1.384,5.075,1987.86,185282
0.5uM,snap 4,19,0.923,4.071,1136.141,105896
0.5uM,snap 4,20,0.815,4.531,996.913,92919
0.5uM,snap 4,21,0.805,3.725,1186.008,110544
0.5uM,snap 4,22,2.865,7.262,6822.027,635859
0.5uM,snap 4,23,0.805,3.727,1209.065,112693
0.5uM,snap 4,24,0.429,3.11,479.804,44721
0.5uM,snap 4,25,1.191,5.204,1282.911,119576
0.5uM,snap 4,26,0.858,3.902,1233.666,114986
0.5uM,snap 4,27,0.536,3.339,1142.246,106465
0.5uM,snap 4,28,0.279,2.398,422.341,39365
0.5uM,snap 4,29,0.676,3.583,958.589,89347
0.5uM,snap 4,30,2.779,9.253,3939.371,367176
0.5uM,snap 4,31,1.77,7.073,2309.06,215220
0.5uM,snap 4,32,0.376,2.473,389.446,36299
0.5uM,snap 4,33,2.993,7.003,6883.364,641576
0.5uM,snap 4,34,1.792,6.164,3202.429,298488
0.5uM,snap 4,35,1.137,4.814,2466.463,229891
0.5uM,snap 4,36,1.341,5.739,1944.398,181231
0.5uM,snap 4,37,3.144,7.803,7386.911,688510
0.5uM,snap 4,38,9.527,16.615,26086.092,2431400
0.5uM,snap 4,39,1.234,5,2564.267,239007
0.5uM,snap 4,40,1.835,6.144,3310.211,308534
0.5uM,snap 4,41,1.116,4.784,1386.82,129261
0.5uM,snap 4,42,0.386,2.981,782.003,72888
0.5uM,snap 4,43,0.418,3.137,542.461,50561
0.5uM,snap 4,44,2.296,7.951,2839.365,264648
0.5uM,snap 4,45,1.159,4.427,2485.592,231674
0.5uM,snap 4,46,4.152,9.089,10359.249,965552
0.5uM,snap 4,47,2.071,5.951,4624.751,431058
0.5uM,snap 4,48,1.717,5.486,3287.315,306400
0.5uM,snap 4,49,0.848,4.446,870.495,81136
0.5uM,snap 4,50,0.397,3.196,527.312,49149
0.5uM,snap 4,51,0.987,4.016,1171.117,109156
0.5uM,snap 4,52,3.186,8.025,3841.374,358042
0.5uM,snap 4,53,0.354,2.524,355.425,33128
0.5uM,snap 4,54,2.199,6.745,2358.187,219799
0.5uM,snap 4,55,0.451,3.426,579.851,54046
0.5uM,snap 4,56,1.073,5.23,933.613,87019
0.5uM,snap 4,57,3.787,9.796,6300.67,587265
0.5uM,snap 4,58,1.127,4.293,1925.408,179461
0.5uM,snap 4,59,2.564,6.742,2955.859,275506
0.5uM,snap 4,60,1.234,4.751,985.165,91824
0.5uM,snap 4,61,1.502,5.227,2331.709,217331
0.5uM,snap 4,62,0.89,4.036,1380.2,128644
0.5uM,snap 4,63,1.352,4.897,2497.029,232740
0.5uM,snap 4,64,2.114,6.257,3885.427,362148
0.5uM,snap 4,65,3.98,8.589,7167.753,668083
0.5uM,snap 4,66,1.856,5.642,3236.171,301633
0.5uM,snap 4,67,0.751,4.305,787.507,73401
0.5uM,snap 5,1,0.751,3.541,1128.856,105217
0.5uM,snap 5,2,1.663,5.251,3027.56,282189
0.5uM,snap 5,3,0.558,3.294,646.005,60212
0.5uM,snap 5,4,1.974,5.573,2613.544,243600
0.5uM,snap 5,5,1.942,6.125,3542.941,330226
0.5uM,snap 5,6,0.944,3.881,1017.598,94847
0.5uM,snap 5,7,0.526,2.896,386.571,36031
0.5uM,snap 5,8,0.343,2.498,334.536,31181
0.5uM,snap 5,9,0.215,2.212,272.824,25429
0.5uM,snap 5,10,1.277,4.789,1785.804,166449
0.5uM,snap 5,11,1.631,6.163,2335.421,217677
0.5uM,snap 5,12,0.74,3.658,820.917,76515
0.5uM,snap 5,13,0.88,3.906,1366.768,127392
0.5uM,snap 5,14,0.73,3.907,1031.932,96183
0.5uM,snap 5,15,1.105,4.597,1660.706,154789
0.5uM,snap 5,16,1.116,4.368,2204.615,205485
0.5uM,snap 5,17,0.644,3.33,863.95,80526
0.5uM,snap 5,18,0.697,3.251,1336.588,124579
0.5uM,snap 5,19,3.154,7.337,6973.411,649969
0.5uM,snap 5,20,1.62,5.438,3564.903,332273
0.5uM,snap 5,21,0.944,4.06,2152.408,200619
0.5uM,snap 5,22,1.974,5.731,4531.86,422400
0.5uM,snap 5,23,2.661,6.944,6503.617,606181
0.5uM,snap 5,24,0.451,2.905,800.972,74656
0.5uM,snap 5,25,0.805,4.555,1351.05,125927
0.5uM,snap 5,26,1.717,6.54,4245.315,395692
0.5uM,snap 5,27,1.502,5.211,3057.697,284998
0.5uM,snap 5,28,1.298,4.431,2215.59,206508
0.5uM,snap 5,29,3.283,8.801,5652.841,526883
0.5uM,snap 5,30,7.446,12.316,14258.119,1328953
0.5uM,snap 5,31,0.579,3.458,676.968,63098
0.5uM,snap 5,32,4.774,9.855,8320.813,775556
0.5uM,snap 5,33,8.487,13.992,22719.737,2117633
0.5uM,snap 5,34,0.933,4.054,1881.72,175389
0.5uM,snap 5,35,0.279,2.42,507.141,47269
0.5uM,snap 5,36,1.577,5.137,3977.276,370709
0.5uM,snap 5,37,3.83,7.9,11559.666,1077439
0.5uM,snap 5,38,0.976,4.132,1997.827,186211
0.5uM,snap 5,39,0.837,4.014,1165.549,108637
0.5uM,snap 5,40,1.298,4.835,2524.935,235341
0.5uM,snap 5,41,2.521,6.836,6065.322,565329
0.5uM,snap 5,42,3.433,9.639,7497.075,698778
0.5uM,snap 5,43,0.976,4.582,1479.646,137913
0.5uM,snap 5,44,0.504,3.265,663.01,61797
0.5uM,snap 5,45,1.019,4.248,1975.05,184088
0.5uM,snap 5,46,0.612,3.339,1402.87,130757
0.5uM,snap 5,47,3.412,10.879,5533.912,515798
0.5uM,snap 5,48,1.009,4.265,1738.361,162027
0.5uM,snap 5,49,4.41,10.562,11469.555,1069040
0.5uM,snap 5,50,0.494,3.083,590.665,55054
0.5uM,snap 5,51,1.18,4.86,1916.353,178617
0.5uM,snap 5,52,2.049,9.203,2033.05,189494
0.5uM,snap 5,53,0.579,3.979,835.122,77839
0.5uM,snap 5,54,0.526,3.365,671.582,62596
0.5uM,snap 5,55,2.908,8.718,4979.467,464120
0.5uM,snap 5,56,2.639,7.774,5103.815,475710
0.5uM,snap 5,57,1.062,4.631,1979.202,184475
0.5uM,snap 5,58,0.343,2.442,630.566,58773
0.5uM,snap 5,59,3.498,8.36,8465.792,789069
0.5uM,snap 5,60,1.137,4.236,2718.376,253371
0.5uM,snap 5,61,0.848,3.985,1905.044,177563
0.5uM,snap 5,62,0.815,4.151,1353.679,126172
0.5uM,snap 5,63,0.429,2.68,749.549,69863
0.5uM,snap 5,64,0.333,2.766,487.947,45480
0.5uM,snap 5,65,0.687,3.627,1194.849,111368
0.5uM,snap 5,66,1.245,5.396,1504.505,140230
0.5uM,snap 5,67,1.405,5.88,2644.54,246489
0.5uM,snap 5,68,0.494,2.896,772.927,72042
0.5uM,snap 5,69,3.937,9.01,7071.505,659112
0.5uM,snap 5,70,0.676,3.221,967.162,90146
0.5uM,snap 5,71,0.44,2.595,756.726,70532
0.5uM,snap 5,72,0.59,3.425,835.025,77830
0.5uM,snap 5,73,1.116,5.23,2276.863,212219
0.5uM,snap 5,74,1.03,4.304,1831.359,170695
0.5uM,snap 5,75,0.418,2.705,503.408,46921
0.5uM,snap 5,76,0.483,3.431,672.054,62640
0.5uM,snap 5,77,1.094,6.283,1146.269,106840
0.5uM,snap 5,78,0.558,3.393,695.314,64808
0.5uM,snap 5,79,0.494,3.331,460.761,42946
0.5uM,snap 5,80,0.998,3.892,1680.897,156671
0.5uM,snap 5,81,0.976,3.731,1554.823,144920
0.5uM,snap 5,82,1.416,5.171,2045.217,190628
0.5uM,snap 5,83,1.051,4.501,1715.916,159935
0.5uM,snap 5,84,0.74,3.857,956.808,89181
0.5uM,snap 5,85,0.923,4.392,1197.424,111608
0.5uM,snap 5,86,0.858,3.753,1765.924,164596
0.5uM,snap 5,87,0.386,2.611,395.358,36850
0.5uM,snap 5,88,0.504,4.12,509.233,47464
0.5uM,snap 5,89,1.652,5.929,2453.148,228650
0.5uM,snap 5,90,4.646,10.105,9942.756,926732
0.5uM,snap 5,91,1.974,5.855,2483.736,231501
0.5uM,snap 5,92,0.268,2.222,484.868,45193
0.5uM,snap 5,93,0.44,2.731,698.243,65081
0.5uM,snap 5,94,0.955,4.164,1054.666,98302
0.5uM,snap 6,1,9.377,11.912,27870.812,2597748
0.5uM,snap 6,2,6.952,11.257,19352.449,1803779
0.5uM,snap 6,3,10.74,14.056,33081.068,3083379
0.5uM,snap 6,4,9.259,11.804,28586.63,2664467
0.5uM,snap 6,5,3.004,7.609,5552.398,517521
0.5uM,snap 6,6,3.422,8.941,5994.04,558685
0.5uM,snap 6,7,2.275,6.947,5258.621,490139
0.5uM,snap 6,8,3.176,7.082,8876.578,827357
0.5uM,snap 6,9,0.472,2.821,866.568,80770
0.5uM,snap 6,10,0.247,2.428,303.948,28330
0.5uM,snap 6,11,3.841,11.834,7257.907,676486
0.5uM,snap 6,12,0.472,3.053,602.134,56123
0.5uM,snap 6,13,1.18,4.685,1950.921,181839
0.5uM,snap 6,14,0.59,3.296,740.376,69008
0.5uM,snap 6,15,4.42,8.745,10641.267,991838
0.5uM,snap 6,16,2.693,6.929,5301.311,494118
0.5uM,snap 6,17,1.32,5.082,2411.231,224743
0.5uM,snap 6,18,1.245,4.668,2548.453,237533
0.5uM,snap 6,19,0.536,2.993,1081.917,100842
0.5uM,snap 6,20,9.012,15.187,26614.648,2480665
0.5uM,snap 6,21,6.266,10.026,18172.202,1693772
0.5uM,snap 6,22,2.661,8.322,5276.088,491767
0.5uM,snap 6,23,0.633,3.166,1123.223,104692
0.5uM,snap 6,24,0.547,2.921,1021.01,95165
0.5uM,snap 6,25,8.165,12.94,22312.245,2079652
0.5uM,snap 6,26,0.826,3.829,1265.82,117983
0.5uM,snap 6,27,1.094,4.45,1914.743,178467
0.5uM,snap 6,28,1.642,5.438,3079.176,287000
0.5uM,snap 6,29,0.215,2.434,447.661,41725
0.5uM,snap 6,30,14.291,20.399,38265.671,3566619
0.5uM,snap 6,31,1.32,4.764,2281.873,212686
0.5uM,snap 6,32,2.232,5.906,4843.973,451491
0.5uM,snap 6,33,2.189,6.071,4496.208,419077
0.5uM,snap 6,34,1.845,5.461,4991.516,465243
0.5uM,snap 6,35,1.802,5.626,3455.533,322079
0.5uM,snap 6,36,4.292,9.963,10544.987,982864
0.5uM,snap 6,37,2.521,6.585,5755.355,536438
0.5uM,snap 6,38,0.762,3.574,1234.277,115043
0.5uM,snap 6,39,3.304,10.926,4698.189,437903
0.5uM,snap 6,40,3.294,8.558,6802.576,634046
0.5uM,snap 6,41,0.461,2.946,762.928,71110
0.5uM,snap 6,42,0.654,3.403,981.345,91468
0.5uM,snap 6,43,0.955,4.326,1612.737,150318
0.5uM,snap 6,44,3.036,7.632,7360.915,686087
0.5uM,snap 6,45,10.353,15.528,32036.058,2985977
0.5uM,snap 6,46,0.504,2.9,721.546,67253
0.5uM,snap 6,47,1.459,5.212,3064.08,285593
0.5uM,snap 6,48,0.601,3.071,659.244,61446
0.5uM,snap 6,49,6.502,13.26,15557.166,1450033
0.5uM,snap 6,50,6.92,11.11,14640.226,1364568
0.5uM,snap 6,51,0.976,4.134,1909.153,177946
0.5uM,snap 6,52,0.955,4.326,1612.737,150318
0.5uM,snap 6,53,6.523,11.768,15995.986,1490934
0.5uM,snap 6,54,0.536,3.48,931.295,86803
0.5uM,snap 6,55,1.287,5.148,2032.042,189400
0.5uM,snap 6,56,4.249,8.839,11064.488,1031285
0.5uM,snap 6,57,1.352,4.788,3531.225,329134
0.5uM,snap 6,58,3.058,7.916,6953.155,648081
0.5uM,snap 6,59,2.425,8.839,3800.089,354194
0.5uM,snap 6,60,0.515,2.915,886.062,82587
0.5uM,snap 6,61,0.858,3.67,1735.228,161735
0.5uM,snap 6,62,1.255,4.789,2242.713,209036
0.5uM,snap 6,63,0.805,3.538,1441.923,134397
0.5uM,snap 6,64,1.824,6.309,3414.463,318251
0.5uM,snap 6,65,0.858,4.297,1556.582,145084
0.5uM,snap 6,66,0.794,3.858,1116.507,104066
0.5uM,snap 6,67,11.201,17.044,32015.566,2984067
0.5uM,snap 6,68,3.648,7.588,10718.88,999072
0.5uM,snap 6,69,0.858,3.559,1657.509,154491
0.5uM,snap 6,70,1.835,5.943,4794.331,446864
0.5uM,snap 6,71,4.12,10.709,10330.936,962913
0.5uM,snap 6,72,0.3,2.388,521.765,48632
0.5uM,snap 6,73,2.704,6.888,6793.156,633168
0.5uM,snap 6,74,0.901,3.553,996.644,92894
0.5uM,snap 6,75,0.944,3.994,1567.161,146070
0.5uM,snap 6,76,9.42,16.225,24562.855,2289424
0.5uM,snap 6,77,1.878,6.172,2715.2,253075
0.5uM,snap 6,78,2.511,6.962,4333.141,403878
0.5uM,snap 6,79,4.184,8.293,9992.119,931333
0.5uM,snap 6,80,1.266,4.978,2354.271,219434
0.5uM,snap 6,81,3.272,7.421,6868.064,640150
0.5uM,snap 6,82,5.568,10.42,12992.996,1211035
0.5uM,snap 6,83,4.163,8.839,11414.173,1063878
0.5uM,snap 6,84,0.697,3.641,897.167,83622
0.5uM,snap 6,85,1.781,5.27,3169.77,295444
0.5uM,snap 6,86,0.708,3.974,1023.96,95440
0.5uM,snap 6,87,2.478,7.1,5033.541,469160
0.5uM,snap 7,1,0.976,4.387,1377.69,128410
0.5uM,snap 7,2,0.933,3.902,1713.567,159716
0.5uM,snap 7,3,0.826,3.659,1157.32,107870
0.5uM,snap 7,4,3.036,7.086,6473.05,603332
0.5uM,snap 7,5,1.523,4.989,3361.838,313346
0.5uM,snap 7,6,0.858,4.038,1867.676,174080
0.5uM,snap 7,7,0.429,2.773,611.039,56953
0.5uM,snap 7,8,0.869,3.917,742.35,69192
0.5uM,snap 7,9,0.44,3.053,522.301,48682
0.5uM,snap 7,10,1.341,5.355,1503.11,140100
0.5uM,snap 7,11,0.976,4.287,1448.897,135047
0.5uM,snap 7,12,1.137,4.886,1435.647,133812
0.5uM,snap 7,13,8.862,17.288,18362.263,1711487
0.5uM,snap 7,14,3.701,9.873,7273.979,677984
0.5uM,snap 7,15,0.966,4.199,1696.637,158138
0.5uM,snap 7,16,1.041,4.069,1921.889,179133
0.5uM,snap 7,17,1.802,6.387,2563.645,238949
0.5uM,snap 7,18,7.757,12.329,21239.769,1979690
0.5uM,snap 7,19,0.858,4.304,1092.957,101871
0.5uM,snap 7,20,0.955,4.031,1373.109,127983
0.5uM,snap 7,21,2.393,7.126,3174.212,295858
0.5uM,snap 7,22,2.06,6.385,3623.493,337734
0.5uM,snap 7,23,2.178,6.14,3501.259,326341
0.5uM,snap 7,24,6.03,12.383,13245.049,1234528
0.5uM,snap 7,25,0.644,3.37,1002.631,93452
0.5uM,snap 7,26,2.747,6.685,4587.436,427580
0.5uM,snap 7,27,1.631,5.416,2430.489,226538
0.5uM,snap 7,28,3.337,7.857,5677.582,529189
0.5uM,snap 7,29,3.165,7.887,6898.019,642942
0.5uM,snap 7,30,8.83,13.287,19516.665,1819085
0.5uM,snap 7,31,1.706,6.204,2750.702,256384
0.5uM,snap 7,32,2.843,7.712,6989.88,651504
0.5uM,snap 7,33,3.659,10.656,5937.552,553420
0.5uM,snap 7,34,1.094,4.289,2201.321,205178
0.5uM,snap 7,35,1.051,4.137,2047.019,190796
0.5uM,snap 7,36,2.06,5.95,5050.9,470778
0.5uM,snap 7,37,1.566,5.304,2843.088,264995
0.5uM,snap 7,38,2.382,7.195,7027.055,654969
0.5uM,snap 7,39,1.009,3.817,2630.185,245151
0.5uM,snap 7,40,3.562,8.662,9144.101,852292
0.5uM,snap 7,41,3.208,8.728,8575.033,799251
0.5uM,snap 7,42,0.762,3.359,1320.366,123067
0.5uM,snap 7,43,6.04,12.026,15911.475,1483057
0.5uM,snap 7,44,0.73,4.029,1075.684,100261
0.5uM,snap 7,45,3.208,8.893,6916.28,644644
0.5uM,snap 7,46,1.191,4.573,2409.192,224553
0.5uM,snap 7,47,1.234,4.42,2791.933,260227
0.5uM,snap 7,48,0.912,4.202,2230.375,207886
0.5uM,snap 7,49,0.418,2.796,847.642,79006
0.5uM,snap 7,50,0.257,2.33,497.067,46330
0.5uM,snap 7,51,1.266,5.406,2728.364,254302
0.5uM,snap 7,52,1.298,4.3,2708.473,252448
0.5uM,snap 7,53,3.819,9.841,7216.033,672583
0.5uM,snap 7,54,2.95,6.76,5788.808,539556
0.5uM,snap 7,55,3.68,8.881,4956.272,461958
0.5uM,snap 7,56,1.341,4.58,2701.038,251755
0.5uM,snap 7,57,2.167,6.518,4552.803,424352
0.5uM,snap 7,58,1.245,4.629,2634.144,245520
0.5uM,snap 7,59,0.451,3.085,631.328,58844
0.5uM,snap 7,60,2.092,5.808,3536.975,329670
0.5uM,snap 7,61,1.931,6.072,3477.42,324119
0.5uM,snap 7,62,1.245,5.01,2267.668,211362
0.5uM,snap 7,63,0.923,4.283,2088.121,194627
0.5uM,snap 7,64,1.094,4.818,1637.51,152627
0.5uM,snap 7,65,1.041,4.184,2144.212,199855
0.5uM,snap 7,66,1.642,5.269,2433.289,226799
0.5uM,snap 7,67,3.058,7.627,7031.089,655345
0.5uM,snap 7,68,1.749,5.45,2374.903,221357
0.5uM,snap 7,69,0.665,3.129,921.156,85858
0.5uM,snap 7,70,0.998,3.943,1917.307,178706
0.5uM,snap 7,71,0.451,2.751,720.828,67186
0.5uM,snap 7,72,1.309,5.039,2015.337,187843
0.5uM,snap 7,73,0.59,3.26,1312.931,122374
0.5uM,snap 7,74,0.204,1.718,283.703,26443
0.5uM,snap 7,75,0.837,3.599,1783.572,166241
0.5uM,snap 7,76,1.824,5.661,5234.696,487909
0.5uM,snap 7,77,0.461,3.528,1126.099,104960
0.5uM,snap 7,78,1.749,5.407,2915.229,271719
0.5uM,snap 7,79,1.245,5.096,1382.926,128898
0.5uM,snap 7,80,0.676,3.302,869.336,81028
0.5uM,snap 7,81,0.504,2.907,886.073,82588
0.5uM,snap 7,82,0.676,3.63,696.838,64950
0.5uM,snap 7,83,0.762,3.916,1096.895,102238
0.5uM,snap 7,84,0.354,2.174,361.197,33666
0.5uM,snap 7,85,0.74,3.453,1081.703,100822
0.5uM,snap 7,86,0.343,2.353,196.713,18335
0.5uM,snap 7,87,0.311,2.675,306.77,28593
0.5uM,snap 7,88,0.622,3.401,465.363,43375
0.5uM,snap 7,89,1.202,4.343,1493.561,139210
0.5uM,snap 7,90,0.322,2.316,366.819,34190
0.5uM,snap 7,91,0.526,3.12,596.062,55557
0.5uM,snap 8,1,1.041,4.105,1652.273,154003
0.5uM,snap 8,2,0.44,2.879,676.399,63045
0.5uM,snap 8,3,1.234,4.492,2154.093,200776
0.5uM,snap 8,4,1.169,4.78,1382.915,128897
0.5uM,snap 8,5,0.665,3.55,659.684,61487
0.5uM,snap 8,6,1.073,4.64,1816.478,169308
0.5uM,snap 8,7,0.74,3.611,579.926,54053
0.5uM,snap 8,8,2.232,6.766,2974.495,277243
0.5uM,snap 8,9,1.985,6.852,2747.751,256109
0.5uM,snap 8,10,0.558,3.217,626.768,58419
0.5uM,snap 8,11,1.03,4.834,1873.33,174607
0.5uM,snap 8,12,2.167,5.791,4601.769,428916
0.5uM,snap 8,13,3.487,8.622,4808.578,448192
0.5uM,snap 8,14,0.633,3.638,704.412,65656
0.5uM,snap 8,15,2.468,6.873,2613.426,243589
0.5uM,snap 8,16,0.826,3.968,910.181,84835
0.5uM,snap 8,17,1.985,5.999,2360.29,219995
0.5uM,snap 8,18,0.59,3.519,734.271,68439
0.5uM,snap 8,19,2.8,7.892,2611.742,243432
0.5uM,snap 8,20,1.577,5.121,3034.705,282855
0.5uM,snap 8,21,3.047,7.322,6738.331,628058
0.5uM,snap 8,22,0.279,2.477,487.25,45415
0.5uM,snap 8,23,0.59,3.41,651.155,60692
0.5uM,snap 8,24,1.77,6.251,3075.968,286701
0.5uM,snap 8,25,2.854,7.295,4684.757,436651
0.5uM,snap 8,26,0.472,3.028,813.181,75794
0.5uM,snap 8,27,0.826,3.901,979.94,91337
0.5uM,snap 8,28,2.21,8.05,3200.905,298346
0.5uM,snap 8,29,1.255,4.936,1536.841,143244
0.5uM,snap 8,30,0.504,3.269,646.831,60289
0.5uM,snap 8,31,3.412,9.663,6017.611,560882
0.5uM,snap 8,32,4.721,11.287,8667.73,807891
0.5uM,snap 8,33,1.159,4.868,2247.123,209447
0.5uM,snap 8,34,1.652,5.457,2940.602,274084
0.5uM,snap 8,35,2.425,7.85,3259.56,303813
0.5uM,snap 8,36,0.601,3.481,796.884,74275
0.5uM,snap 8,37,2.328,7.188,4348.086,405271
0.5uM,snap 8,38,11.394,19.426,27115.041,2527305
0.5uM,snap 8,39,0.805,4.248,1630.805,152002
0.5uM,snap 8,40,1.18,5.408,1587.954,148008
0.5uM,snap 8,41,0.687,4.234,1169.529,109008
0.5uM,snap 8,42,0.869,3.882,1365.212,127247
0.5uM,snap 8,43,1.18,5.282,1765.409,164548
0.5uM,snap 8,44,2.049,6.246,4370.316,407343
0.5uM,snap 8,45,0.376,2.463,737.908,68778
0.5uM,snap 8,46,3.036,8.593,4505.285,419923
0.5uM,snap 8,47,1.695,5.911,3795.862,353800
0.5uM,snap 9,1,3.24,7.234,6322.321,589283
0.5uM,snap 9,2,1.727,5.716,2631.955,245316
0.5uM,snap 9,3,0.815,3.531,847.396,78983
0.5uM,snap 9,4,4.828,8.84,8877.929,827483
0.5uM,snap 9,5,4.023,8.707,8525.541,794638
0.5uM,snap 9,6,2.328,6.554,5791.887,539843
0.5uM,snap 9,7,5.686,10.428,12536.162,1168455
0.5uM,snap 9,8,2.189,5.887,3038.46,283205
0.5uM,snap 9,9,1.663,5.218,2982.23,277964
0.5uM,snap 9,10,3.068,7.943,5504.665,513072
0.5uM,snap 9,11,1.888,5.36,4784.245,445924
0.5uM,snap 9,12,5.085,8.777,11576.124,1078973
0.5uM,snap 9,13,1.03,4.511,1400.532,130539
0.5uM,snap 9,14,1.684,5.852,3629.351,338280
0.5uM,snap 9,15,1.545,5.098,3317.195,309185
0.5uM,snap 9,16,3.659,8.804,8903.121,829831
0.5uM,snap 9,17,2.221,5.522,5002.137,466233
0.5uM,snap 9,18,3.068,7.392,6514.539,607199
0.5uM,snap 9,19,7.907,12.291,16215.466,1511391
0.5uM,snap 9,20,3.798,7.247,11173.954,1041488
0.5uM,snap 9,21,0.612,3.161,1259.565,117400
0.5uM,snap 9,22,4.592,11.128,11201.313,1044038
0.5uM,snap 9,23,2.006,5.703,5496.866,512345
0.5uM,snap 9,24,0.848,3.731,2134.266,198928
0.5uM,snap 9,25,1.169,4.274,1963.645,183025
0.5uM,snap 9,26,2.704,6.629,6732.677,627531
0.5uM,snap 9,27,0.772,3.782,1531.026,142702
0.5uM,snap 9,28,1.491,5.522,2094.301,195203
0.5uM,snap 9,29,1.084,4.325,2053.918,191439
0.5uM,snap 9,30,3.455,7.468,6668.454,621545
0.5uM,snap 9,31,1.92,5.438,2771.988,258368
0.5uM,snap 9,32,0.708,3.632,767.659,71551
0.5uM,snap 9,33,2.049,6.42,1946.34,181412
0.5uM,snap 9,34,0.837,4.442,1184.195,110375
0.5uM,snap 9,35,1.051,4.226,1104.491,102946
0.5uM,snap 9,36,1.191,4.723,1293.468,120560
0.5uM,snap 9,37,0.429,2.652,629.59,58682
0.5uM,snap 9,38,1.266,5.187,1921.481,179095
0.5uM,snap 9,39,0.633,3.365,710.421,66216
0.5uM,snap 9,40,1.717,5.502,1994.812,185930
0.5uM,snap 9,41,1.695,5.796,2806.803,261613
0.5uM,snap 9,42,2.253,6.282,3098.713,288821
0.5uM,snap 9,43,4.077,9.589,7828.681,729686
0.5uM,snap 9,44,2.103,5.679,2586.379,241068
0.5uM,snap 9,45,2.714,7.303,2820.418,262882
0.5uM,snap 9,46,1.105,4.623,1459.851,136068
0.5uM,snap 9,47,1.727,5.426,1626.792,151628
0.5uM,snap 9,48,3.755,10.065,8304.119,774000
0.5uM,snap 9,49,2.564,6.407,5133.598,478486
0.5uM,snap 9,50,2.049,5.522,3104.41,289352
0.5uM,snap 9,51,3.176,8.624,6531.404,608771
0.5uM,snap 9,52,3.455,7.384,5153.725,480362
0.5uM,snap 9,53,1.062,4.207,2010.884,187428
0.5uM,snap 9,54,0.687,3.22,1505.213,140296
0.5uM,snap 9,55,0.794,3.943,955.693,89077
0.5uM,snap 9,56,0.601,3.082,1140.894,106339
0.5uM,snap 9,57,0.998,4.425,1310.978,122192
0.5uM,snap 9,58,3.777,8.844,4690.722,437207
0.5uM,snap 9,59,1.148,4.201,2239.655,208751
0.5uM,snap 9,60,0.73,3.429,1127.89,105127
0.5uM,snap 9,61,0.397,2.702,451.555,42088
0.5uM,snap 9,62,1.287,4.682,2025.218,188764
0.5uM,snap 9,63,0.772,3.322,1268.374,118221
0.5uM,snap 9,64,0.644,3.183,754.656,70339
0.5uM,snap 9,65,0.644,2.967,1074.632,100163
0.5uM,snap 9,66,0.526,3.438,881.814,82191
0.5uM,snap 9,67,0.633,2.94,755.374,70406
0.5uM,snap 9,68,1.234,4.483,1938.679,180698
0.5uM,snap 9,69,1.116,4.738,1760.259,164068
0.5uM,snap 9,70,1.127,4.913,1519.997,141674
1uM,snap 0,1,3.015,7.646,5264.361,490674
1uM,snap 0,2,1.438,6.009,2959.914,275884
1uM,snap 0,3,0.858,4.305,1550.285,144497
1uM,snap 0,4,1.534,5.294,2821.512,262984
1uM,snap 0,5,0.751,3.797,1370.33,127724
1uM,snap 0,6,0.837,3.985,1414.779,131867
1uM,snap 0,7,0.74,3.766,1226.628,114330
1uM,snap 0,8,0.612,3.075,1174.765,109496
1uM,snap 0,9,1.47,6.579,1613.874,150424
1uM,snap 0,10,2.489,6.751,3056.023,284842
1uM,snap 0,11,1.931,6.568,3007.69,280337
1uM,snap 0,12,1.674,5.897,2669.388,248805
1uM,snap 0,13,0.933,4.424,1349.977,125827
1uM,snap 0,14,2.189,7.053,3051.903,284458
1uM,snap 0,15,0.826,4.073,1023.059,95356
1uM,snap 0,16,1.867,6.061,4238.663,395072
1uM,snap 0,17,0.826,3.695,1789.312,166776
1uM,snap 0,18,1.03,4.451,2331.805,217340
1uM,snap 0,19,1.051,4.451,1914.153,178412
1uM,snap 0,20,0.826,3.498,1449.262,135081
1uM,snap 0,21,1.137,4.43,1693.472,157843
1uM,snap 0,22,1.191,5.26,1874.446,174711
1uM,snap 0,23,0.933,4.324,1596.944,148846
1uM,snap 0,24,0.472,2.735,919.096,85666
1uM,snap 0,25,2.521,7.383,4744.763,442244
1uM,snap 0,26,0.762,3.643,1726.087,160883
1uM,snap 0,27,1.019,4.51,1852.666,172681
1uM,snap 0,28,0.204,1.912,345.114,32167
1uM,snap 0,29,1.266,5.515,2387.788,222558
1uM,snap 0,30,0.815,3.779,1206.243,112430
1uM,snap 0,31,1.073,5.126,1594.391,148608
1uM,snap 0,32,0.783,3.85,1119.114,104309
1uM,snap 0,33,1.459,5.712,2166.367,201920
1uM,snap 0,34,3.594,9.318,7338.61,684008
1uM,snap 0,35,3.991,10.972,10108.731,942202
1uM,snap 0,36,1.727,5.745,2829.301,263710
1uM,snap 0,37,1.105,4.998,1415.595,131943
1uM,snap 0,38,0.89,4.6,1261.132,117546
1uM,snap 0,39,0.451,2.786,762.906,71108
1uM,snap 0,40,0.772,3.636,964.973,89942
1uM,snap 0,41,0.204,2.221,261.44,24368
1uM,snap 0,42,0.654,3.635,883.38,82337
1uM,snap 0,43,0.783,4.758,815.016,75965
1uM,snap 0,44,1.019,5.969,1336.427,124564
1uM,snap 0,45,0.601,3.284,1186.116,110554
1uM,snap 0,46,2.296,8.42,3362.428,313401
1uM,snap 0,47,2.017,6.844,3393.713,316317
1uM,snap 0,48,1.684,6.881,3502.579,326464
1uM,snap 0,49,2.028,7.3,3865.761,360315
1uM,snap 0,50,1.481,6.068,3049.629,284246
1uM,snap 0,51,2.393,10.096,4142.5,386109
1uM,snap 0,52,0.848,4.116,1650.331,153822
1uM,snap 0,53,2.35,7.013,5200.567,484728
1uM,snap 0,54,2.189,6.993,3892.143,362774
1uM,snap 0,55,4.367,11.146,7727.755,720279
1uM,snap 0,56,0.225,2.127,398.834,37174
1uM,snap 0,57,0.687,4.132,747.66,69687
1uM,snap 0,58,0.869,4.494,1627.2,151666
1uM,snap 0,59,7.854,18.064,15604.084,1454406
1uM,snap 0,60,4.356,11.963,7875.899,734087
1uM,snap 0,61,0.612,3.308,974.758,90854
1uM,snap 0,62,1.717,6.565,2138.429,199316
1uM,snap 0,63,1.395,6.057,1436.495,133891
1uM,snap 0,64,1.287,5.766,1997.859,186214
1uM,snap 0,65,0.923,4.942,1108.246,103296
1uM,snap 0,66,0.815,3.901,794.449,74048
1uM,snap 0,67,0.644,3.348,722.018,67297
1uM,snap 0,68,0.944,4.706,707.309,65926
1uM,snap 0,69,0.322,2.358,258.35,24080
1uM,snap 1,1,0.494,3.229,1110.145,103473
1uM,snap 1,2,3.101,8.31,8521.872,794296
1uM,snap 1,3,1.416,5.322,3814.766,355562
1uM,snap 1,4,0.762,3.812,1679.138,156507
1uM,snap 1,5,1.384,6.209,3420.632,318826
1uM,snap 1,6,1.91,7.598,4447.478,414535
1uM,snap 1,7,2.135,8.324,5641.919,525865
1uM,snap 1,8,1.137,5.867,2968.079,276645
1uM,snap 1,9,0.987,5.672,2001.303,186535
1uM,snap 1,10,0.762,4.827,1661.811,154892
1uM,snap 1,11,0.504,3.685,908.571,84685
1uM,snap 1,12,0.333,2.724,775.781,72308
1uM,snap 1,13,0.129,1.501,313.733,29242
1uM,snap 1,14,1.03,5.594,2286.615,213128
1uM,snap 1,15,0.719,4.97,1575.465,146844
1uM,snap 1,16,0.3,2.35,588.316,54835
1uM,snap 1,17,0.15,2.11,237.021,22092
1uM,snap 1,18,1.051,5.597,2194.283,204522
1uM,snap 1,19,0.805,5.187,1919.217,178884
1uM,snap 1,20,0.215,2.632,367.548,34258
1uM,snap 1,21,0.472,3.862,975.24,90899
1uM,snap 1,22,4.839,10.729,11549.774,1076517
1uM,snap 1,23,0.912,4.631,2248.528,209578
1uM,snap 1,24,1.041,4.597,2343.661,218445
1uM,snap 1,25,0.944,4.059,1990.564,185534
1uM,snap 1,26,1.405,6.614,3266.298,304441
1uM,snap 1,27,0.697,4.007,1350.76,125900
1uM,snap 1,28,0.848,4.255,1795.439,167347
1uM,snap 1,29,0.376,3.067,838.448,78149
1uM,snap 1,30,0.365,2.725,686.549,63991
1uM,snap 1,31,0.29,2.122,649.148,60505
1uM,snap 1,32,0.601,3.351,1209.408,112725
1uM,snap 1,33,2.693,7.083,6810.064,634744
1uM,snap 1,34,0.29,2.251,593.981,55363
1uM,snap 1,35,1.416,5.93,3697.801,344660
1uM,snap 1,36,0.633,3.668,1683.269,156892
1uM,snap 1,37,0.966,4.264,2292.709,213696
1uM,snap 1,38,1.663,6.661,4030.77,375695
1uM,snap 1,39,0.547,4.295,1295.775,120775
1uM,snap 1,40,0.472,3.386,1101.605,102677
1uM,snap 1,41,2.06,6.723,5216.317,486196
1uM,snap 1,42,0.386,2.87,814.898,75954
1uM,snap 1,43,0.257,2.275,614.408,57267
1uM,snap 1,44,0.579,3.715,1323.874,123394
1uM,snap 1,45,1.491,5.587,3223.286,300432
1uM,snap 1,46,1.287,5.515,3162.121,294731
1uM,snap 1,47,1.32,5.813,3124.623,291236
1uM,snap 2,1,1.448,4.687,1804.333,168176
1uM,snap 2,2,0.569,3.333,1008.661,94014
1uM,snap 2,3,3.358,7.212,7644.757,712543
1uM,snap 2,4,1.234,4.607,1840.317,171530
1uM,snap 2,5,0.601,3.262,599.495,55877
1uM,snap 2,6,1.009,3.995,1433.963,133655
1uM,snap 2,7,0.708,3.799,995.851,92820
1uM,snap 2,8,0.429,2.882,442.801,41272
1uM,snap 2,9,0.676,4.174,759.237,70766
1uM,snap 2,10,0.418,2.704,781.37,72829
1uM,snap 2,11,1.566,4.818,2726.498,254128
1uM,snap 2,12,4.034,10.645,6296.11,586840
1uM,snap 2,13,0.869,3.982,1524.804,142122
1uM,snap 2,14,1.202,4.523,2315.873,215855
1uM,snap 2,15,0.858,4.321,1592.374,148420
1uM,snap 2,16,1.245,4.786,3039.093,283264
1uM,snap 2,17,1.33,4.695,2936.558,273707
1uM,snap 2,18,0.504,3.191,838.212,78127
1uM,snap 2,19,0.74,3.545,1300.635,121228
1uM,snap 2,20,1.384,4.557,2557.143,238343
1uM,snap 2,21,2.253,6.644,3589.075,334526
1uM,snap 2,22,0.751,3.647,1211.522,112922
1uM,snap 2,23,0.461,3.314,1279.832,119289
1uM,snap 2,24,1.223,5.14,2039.284,190075
1uM,snap 2,25,1.899,5.612,4110.614,383137
1uM,snap 2,26,0.483,2.786,904.462,84302
1uM,snap 2,27,0.654,3.409,704.466,65661
1uM,snap 2,28,6.341,15.38,10645.012,992187
1uM,snap 2,29,1.695,5.152,3624.963,337871
1uM,snap 2,30,1.169,4.633,2377.746,221622
1uM,snap 2,31,0.633,2.863,1373.999,128066
1uM,snap 2,32,4.356,9.673,10796.9,1006344
1uM,snap 2,33,0.826,3.517,1244.277,115975
1uM,snap 2,34,1.652,5.206,4166.533,388349
1uM,snap 2,35,0.461,2.641,860.335,80189
1uM,snap 2,36,0.536,3.104,1103.203,102826
1uM,snap 2,37,0.547,3.154,897.832,83684
1uM,snap 2,38,1.148,4.409,3230.002,301058
1uM,snap 2,39,1.009,4.953,2295.66,213971
1uM,snap 2,40,0.912,3.755,1524.997,142140
1uM,snap 2,41,0.901,4.082,1315.291,122594
1uM,snap 2,42,2.961,7.108,4308.743,401604
1uM,snap 2,43,4.495,9.699,6625.893,617578
1uM,snap 2,44,1.341,4.638,2018.491,188137
1uM,snap 2,45,3.337,7.542,4345.361,405017
1uM,snap 2,46,1.856,5.861,2853.677,265982
1uM,snap 2,47,1.684,5.229,1875.315,174792
1uM,snap 2,48,1.33,4.467,2551.339,237802
1uM,snap 2,49,2.446,6.72,6373.594,594062
1uM,snap 2,50,0.472,2.917,746.18,69549
1uM,snap 2,51,0.912,4.322,1826.938,170283
1uM,snap 2,52,0.365,2.714,573.36,53441
1uM,snap 2,53,0.933,4.071,1694.641,157952
1uM,snap 2,54,1.556,5.056,2145.134,199941
1uM,snap 2,55,0.858,3.449,1255.295,117002
1uM,snap 2,56,0.869,3.909,1154.948,107649
1uM,snap 2,57,0.504,3.327,662.323,61733
1uM,snap 2,58,0.987,3.954,1789.978,166838
1uM,snap 2,59,1.448,5.377,2757.043,256975
1uM,snap 2,60,0.536,3.064,726.964,67758
1uM,snap 2,61,0.376,2.632,519.565,48427
1uM,snap 2,62,0.247,2.244,392.225,36558
1uM,snap 2,63,1.405,6.281,2575.929,240094
1uM,snap 2,64,1.459,5.861,2364.453,220383
1uM,snap 2,65,1.792,5.191,3200.251,298285
1uM,snap 2,66,1.749,5.176,3936.7,366927
1uM,snap 2,67,0.644,3.49,1329.839,123950
1uM,snap 2,68,0.311,2.252,673.417,62767
1uM,snap 2,69,0.558,3.216,807.098,75227
1uM,snap 2,70,0.547,3.396,1379.857,128612
1uM,snap 2,71,0.751,3.427,1776.792,165609
1uM,snap 2,72,1.631,5.256,3808.651,354992
1uM,snap 2,73,0.805,3.37,1733.437,161568
1uM,snap 2,74,1.373,5.418,2715.983,253148
1uM,snap 2,75,2.199,6.445,5446.172,507620
1uM,snap 2,76,1.996,7.1,4273.349,398305
1uM,snap 2,77,1.996,7.919,3349.221,312170
1uM,snap 2,78,0.848,3.43,1288.244,120073
1uM,snap 2,79,1.599,4.986,2344.755,218547
1uM,snap 2,80,0.461,3.025,771.135,71875
1uM,snap 2,81,0.912,4.05,2138.107,199286
1uM,snap 2,82,1.266,4.538,1898.317,176936
1uM,snap 2,83,0.633,3.146,873.123,81381
1uM,snap 2,84,1.963,6.758,2873.815,267859
1uM,snap 2,85,0.451,2.705,771.961,71952
1uM,snap 2,86,1.481,5.52,3195.369,297830
1uM,snap 2,87,0.88,3.738,1976.048,184181
1uM,snap 2,88,0.654,3.346,1239.105,115493
1uM,snap 2,89,1.502,4.919,2325.454,216748
1uM,snap 2,90,0.472,2.727,684.628,63812
1uM,snap 2,91,1.963,6.231,2747.966,256129
1uM,snap 2,92,0.805,3.337,840.089,78302
1uM,snap 2,93,2.328,7.054,4376.035,407876
1uM,snap 2,94,0.933,3.887,1447.588,134925
1uM,snap 2,95,1.212,4.441,2422.85,225826
1uM,snap 2,96,1.051,4.199,1685.865,157134
1uM,snap 2,97,2.789,6.864,3994.099,372277
1uM,snap 2,98,2.865,8.785,5324.721,496300
1uM,snap 2,99,0.451,2.806,486.982,45390
1uM,snap 2,100,3.744,7.872,7886.488,735074
1uM,snap 2,101,1.148,5.211,1410.552,131473
1uM,snap 2,102,0.88,4.547,1100.543,102578
1uM,snap 2,103,1.255,4.679,2783.242,259417
1uM,snap 2,104,1.159,4.408,1618.145,150822
1uM,snap 2,105,1.642,6.998,2445.778,227963
1uM,snap 2,106,4.678,10.207,7799.274,726945
1uM,snap 2,107,0.794,4.272,1168.842,108944
1uM,snap 2,108,0.654,3.052,1006.461,93809
1uM,snap 2,109,0.719,3.695,1491.544,139022
1uM,snap 2,110,1.019,3.865,1433.094,133574
1uM,snap 2,111,2.553,6.637,6006.7,559865
1uM,snap 2,112,0.687,3.579,1276.41,118970
1uM,snap 2,113,2.114,6.275,5191.491,483882
1uM,snap 2,114,1.33,5.159,2284.083,212892
1uM,snap 2,115,1.47,5.998,3134.14,292123
1uM,snap 2,116,1.459,5.443,2423.848,225919
1uM,snap 2,117,0.569,3.396,1096.187,102172
1uM,snap 2,118,0.515,2.743,832.107,77558
1uM,snap 2,119,1.062,4.999,1638.626,152731
1uM,snap 2,120,0.311,2.216,589.12,54910
1uM,snap 2,121,0.472,3.317,639.385,59595
1uM,snap 2,122,0.579,2.777,1177.747,109774
1uM,snap 3,1,1.094,6.637,778.152,72529
1uM,snap 3,2,0.676,3.768,1061.908,98977
1uM,snap 3,3,0.665,3.469,721.858,67282
1uM,snap 3,4,1.706,7.378,1507.863,140543
1uM,snap 3,5,0.408,2.898,421.171,39256
1uM,snap 3,6,0.322,2.656,363.3,33862
1uM,snap 3,7,1.009,5.638,1065.17,99281
1uM,snap 3,8,0.644,3.87,883.316,82331
1uM,snap 3,9,0.944,3.731,1051.329,97991
1uM,snap 3,10,0.247,2.028,289.41,26975
1uM,snap 3,11,0.74,4.015,782.164,72903
1uM,snap 3,12,1.652,6.273,1777.006,165629
1uM,snap 3,13,0.966,4.368,583.713,54406
1uM,snap 3,14,1.599,5.713,1748.435,162966
1uM,snap 3,15,1.642,5.938,3083.403,287394
1uM,snap 3,16,1.363,5.255,1449.648,135117
1uM,snap 3,17,1.094,4.285,1115.938,104013
1uM,snap 3,18,2.275,6.532,2997.937,279428
1uM,snap 3,19,0.601,3.536,658.278,61356
1uM,snap 3,20,0.644,3.627,858.371,80006
1uM,snap 3,21,0.826,4.036,827.719,77149
1uM,snap 3,22,0.601,3.498,569.733,53103
1uM,snap 3,23,0.858,3.548,789.256,73564
1uM,snap 3,24,0.644,3.928,1063.088,99087
1uM,snap 3,25,0.29,2.33,408.179,38045
1uM,snap 3,26,0.3,2.298,245.841,22914
1uM,snap 3,27,0.73,3.685,788.999,73540
1uM,snap 3,28,0.794,3.218,1232.958,114920
1uM,snap 3,29,0.654,3.195,591.556,55137
1uM,snap 3,30,0.579,4.114,661.937,61697
1uM,snap 3,31,0.858,4.351,913.11,85108
1uM,snap 3,32,1.309,5.874,1175.848,109597
1uM,snap 3,33,0.923,5.823,1066.242,99381
1uM,snap 3,34,0.526,3.039,762.144,71037
1uM,snap 3,35,0.376,2.591,366.422,34153
1uM,snap 3,36,1.545,5.161,2361.792,220135
1uM,snap 3,37,1.019,3.966,1242.174,115779
1uM,snap 3,38,0.858,4.31,1076.242,100313
1uM,snap 3,39,1.481,5.44,1682.217,156794
1uM,snap 3,40,0.933,4.405,979.425,91289
1uM,snap 3,41,1.073,4.558,1451.236,135265
1uM,snap 3,42,1.234,5.268,2035.571,189729
1uM,snap 3,43,1.953,6.128,3235.549,301575
1uM,snap 3,44,3.058,7.144,5378.312,501295
1uM,snap 3,45,2.264,6.341,4490.812,418574
1uM,snap 3,46,0.451,3.034,739.496,68926
1uM,snap 3,47,1.051,5.41,1668.023,155471
1uM,snap 3,48,1.245,4.696,2460.455,229331
1uM,snap 3,49,0.569,3.502,1016.815,94774
1uM,snap 3,50,0.472,3.336,627.937,58528
1uM,snap 3,51,0.343,2.816,473.185,44104
1uM,snap 3,52,0.494,3.317,540.583,50386
1uM,snap 3,53,1.019,4.162,1102.56,102766
1uM,snap 3,54,1.127,4.692,1209.687,112751
1uM,snap 3,55,1.32,4.696,1893.768,176512
1uM,snap 3,56,2.275,6.496,3127.273,291483
1uM,snap 3,57,0.15,1.57,432.329,40296
1uM,snap 3,58,0.644,5.032,840.132,78306
1uM,snap 3,59,3.186,8.867,5184.41,483222
1uM,snap 3,60,0.772,3.497,813.814,75853
1uM,snap 3,61,1.169,4.533,1500.857,139890
1uM,snap 3,62,1.019,5.59,935.04,87152
1uM,snap 3,63,1.545,6.184,2846.704,265332
1uM,snap 3,64,1.041,5.404,1650.352,153824
1uM,snap 3,65,0.526,3.69,920.738,85819
1uM,snap 3,66,0.73,4.522,1136.602,105939
1uM,snap 3,67,2.414,6.513,2140.574,199516
1uM,snap 3,68,0.612,3.361,805.435,75072
1uM,snap 3,69,0.858,3.688,1438.791,134105
1uM,snap 3,70,0.998,4.003,989.639,92241
1uM,snap 3,71,0.912,4.482,789.857,73620
1uM,snap 3,72,0.515,3.831,997.481,92972
1uM,snap 3,73,0.354,2.634,440.784,41084
1uM,snap 3,74,1.802,7.178,2533.454,236135
1uM,snap 3,75,1.395,5.535,2125.769,198136
1uM,snap 3,76,0.933,5.124,1192.725,111170
1uM,snap 3,77,0.418,3.514,360.854,33634
1uM,snap 3,78,0.215,2.251,324.848,30278
1uM,snap 3,79,0.397,2.534,370.123,34498
1uM,snap 3,80,0.204,2.296,278.81,25987
1uM,snap 3,81,0.236,2.62,363.944,33922
1uM,snap 3,82,0.612,3.898,572.029,53317
1uM,snap 3,83,0.676,3.163,983.384,91658
1uM,snap 3,84,1.094,4.547,1018.617,94942
1uM,snap 3,85,1.749,5.705,2651.503,247138
1uM,snap 3,86,0.633,3.307,871.171,81199
1uM,snap 3,87,0.944,4.142,1362.165,126963
1uM,snap 3,88,0.268,2.091,445.858,41557
1uM,snap 3,89,0.215,1.692,308.121,28719
1uM,snap 3,90,0.901,4.758,1216.114,113350
1uM,snap 3,91,1.019,4.701,1101.573,102674
1uM,snap 3,92,2.06,6.581,2115.394,197169
1uM,snap 3,93,0.429,2.826,469.687,43778
1uM,snap 3,94,0.869,4.683,951.422,88679
1uM,snap 3,95,0.558,3.717,473.657,44148
1uM,snap 3,96,0.654,4.143,957.559,89251
1uM,snap 3,97,0.418,3.043,566.676,52818
1uM,snap 3,98,0.59,3.407,743.176,69269
1uM,snap 3,99,0.494,3.546,563.8,52550
1uM,snap 3,100,0.536,3.298,438.552,40876
1uM,snap 3,101,0.644,3.85,860.324,80188
1uM,snap 3,102,0.3,2.419,335.115,31235
1uM,snap 4,1,2.21,6.055,4430.43,412946
1uM,snap 4,2,0.719,4.182,952.688,88797
1uM,snap 4,3,0.322,2.715,385.487,35930
1uM,snap 4,4,2.468,6.92,2889.758,269345
1uM,snap 4,5,1.899,5.631,2348.639,218909
1uM,snap 4,6,1.073,4.864,1807.047,168429
1uM,snap 4,7,1.202,5.156,1416.292,132008
1uM,snap 4,8,2.264,5.603,3284.322,306121
1uM,snap 4,9,1.384,5.49,1669.385,155598
1uM,snap 4,10,2.103,5.567,2706.124,252229
1uM,snap 4,11,2.264,6.756,3967.792,369825
1uM,snap 4,12,0.772,3.743,1107.86,103260
1uM,snap 4,13,1.159,4.596,1648.529,153654
1uM,snap 4,14,4.077,8.51,6749.564,629105
1uM,snap 4,15,0.236,2.271,526.024,49029
1uM,snap 4,16,2.264,6.747,2604.758,242781
1uM,snap 4,17,0.858,4.689,1126.474,104995
1uM,snap 4,18,2.038,5.567,3207.107,298924
1uM,snap 4,19,0.59,3.709,586.106,54629
1uM,snap 4,20,3.97,8.668,6658.069,620577
1uM,snap 4,21,1.169,4.818,1489.334,138816
1uM,snap 4,22,4.281,9.295,6914.37,644466
1uM,snap 4,23,1.792,6.013,4104.896,382604
1uM,snap 4,24,1.363,4.991,2041.955,190324
1uM,snap 4,25,1.448,5.263,1309.229,122029
1uM,snap 4,26,0.536,3.422,752.563,70144
1uM,snap 4,27,1.266,4.611,2138.536,199326
1uM,snap 4,28,1.577,6.052,2898.953,270202
1uM,snap 4,29,1.373,4.949,2379.184,221756
1uM,snap 4,30,0.848,4.361,950.671,88609
1uM,snap 4,31,0.365,2.703,534.124,49784
1uM,snap 4,32,0.429,3.275,511.347,47661
1uM,snap 4,33,2.671,9.484,2791.032,260143
1uM,snap 4,34,6.437,11.191,14934.154,1391964
1uM,snap 4,35,2.425,6.29,3917.259,365115
1uM,snap 4,36,3.97,8.785,8148.369,759483
1uM,snap 4,37,2.167,5.877,2878.472,268293
1uM,snap 4,38,2.317,6.748,2899.511,270254
1uM,snap 4,39,3.047,7.558,6666.212,621336
1uM,snap 4,40,2.5,7.786,3491.303,325413
1uM,snap 5,1,0.676,3.151,752.199,70110
1uM,snap 5,2,0.579,2.875,667.967,62259
1uM,snap 5,3,0.772,3.605,1049.023,97776
1uM,snap 5,4,0.783,3.626,728.241,67877
1uM,snap 5,5,0.676,3.421,585.022,54528
1uM,snap 5,6,1.523,5.267,2279.352,212451
1uM,snap 5,7,1.051,4.072,1527.829,142404
1uM,snap 5,8,0.44,3.452,409.015,38123
1uM,snap 5,9,1.159,4.439,1668.667,155531
1uM,snap 5,10,1.491,5.674,1857.902,173169
1uM,snap 5,11,0.461,3.398,342.572,31930
1uM,snap 5,12,2.993,7.186,5325.376,496361
1uM,snap 5,13,0.687,3.376,471.854,43980
1uM,snap 5,14,0.569,3.624,378.245,35255
1uM,snap 5,15,3.744,9.334,4492.046,418689
1uM,snap 5,16,0.386,2.488,312.928,29167
1uM,snap 5,17,1.094,4.878,860.26,80182
1uM,snap 5,18,0.751,3.515,571.815,53297
1uM,snap 5,19,1.159,4.513,1408.718,131302
1uM,snap 5,20,0.987,4.158,1533.837,142964
1uM,snap 5,21,0.762,3.641,696.902,64956
1uM,snap 5,22,0.612,3.29,661.1,61619
1uM,snap 5,23,0.837,4.605,1001.118,93311
1uM,snap 5,24,1.513,6.025,2226.566,207531
1uM,snap 5,25,1.148,4.53,1135.036,105793
1uM,snap 5,26,0.322,2.475,333.517,31086
1uM,snap 5,27,0.944,4.032,1464.647,136515
1uM,snap 5,28,3.551,9.482,5181.749,482974
1uM,snap 5,29,0.676,3.219,737.972,68784
1uM,snap 5,30,3.219,8.56,4869.819,453900
1uM,snap 5,31,1.438,4.865,2629.176,245057
1uM,snap 5,32,2.253,6.336,3609.653,336444
1uM,snap 5,33,1.513,5.636,1868.062,174116
1uM,snap 5,34,2.65,7.946,4582.232,427095
1uM,snap 5,35,0.815,4.01,1308.843,121993
1uM,snap 5,36,1.684,6.427,2083.336,194181
1uM,snap 5,37,0.848,5.015,444.506,41431
1uM,snap 5,38,1.352,5.181,1861.668,173520
1uM,snap 5,39,0.933,3.994,1434.821,133735
1uM,snap 5,40,5.407,11.225,12090.197,1126888
1uM,snap 5,41,2.221,6.234,4029.912,375615
1uM,snap 5,42,0.3,2.276,337.057,31416
1uM,snap 5,43,2.253,6.375,4367.216,407054
1uM,snap 5,44,1.888,5.3,3186.25,296980
1uM,snap 5,45,2.993,8.162,4090.004,381216
1uM,snap 5,46,2.843,6.954,4640.983,432571
1uM,snap 5,47,1.502,5.03,2280.178,212528
1uM,snap 5,48,0.966,4.311,1213.721,113127
1uM,snap 5,49,3.433,8.496,5041.813,469931
1uM,snap 5,50,1.845,5.704,3096.117,288579
1uM,snap 5,51,13.475,20.018,18481.987,1722646
1uM,snap 5,52,1.695,6.098,1589.724,148173
1uM,snap 5,53,2.446,6.978,3522.084,328282
1uM,snap 5,54,3.648,10.625,5387.496,502151
1uM,snap 5,55,1.545,6.078,1251.723,116669
1uM,snap 5,56,0.762,3.751,686.367,63974
1uM,snap 5,57,0.633,3.341,445.429,41517
1uM,snap 5,58,0.612,3.169,443.498,41337
1uM,snap 5,59,4.946,11.576,4569.926,425948
1uM,snap 5,60,0.805,3.624,737.972,68784
1uM,snap 5,61,1.352,4.961,1755.195,163596
1uM,snap 5,62,0.697,4.249,588.133,54818
1uM,snap 5,63,1.127,4.881,1582.257,147477
1uM,snap 5,64,2.35,6.348,2989.708,278661
1uM,snap 5,65,0.429,2.7,397.267,37028
1uM,snap 5,66,0.923,4.079,813.557,75829
1uM,snap 5,67,0.901,4.215,1177.286,109731
1uM,snap 5,68,2.564,8.879,2007.408,187104
1uM,snap 5,69,1.223,4.464,1338.519,124759
1uM,snap 5,70,1.341,5.463,1123.03,104674
1uM,snap 5,71,0.697,3.734,763.679,71180
1uM,snap 5,72,1.32,5.097,1267.204,118112
1uM,snap 5,73,4.957,9.658,9521.874,887503
1uM,snap 5,74,1.298,4.885,1435.293,133779
1uM,snap 5,75,0.343,2.698,290.73,27098
1uM,snap 5,76,0.783,3.602,773.753,72119
1uM,snap 5,77,1.212,4.357,1208.904,112678
1uM,snap 5,78,0.558,3.2,371.293,34607
1uM,snap 5,79,0.687,3.533,584.131,54445
1uM,snap 5,80,1.781,5.349,2230.353,207884
1uM,snap 5,81,0.676,3.326,864.154,80545
1uM,snap 5,82,0.644,3.297,637.497,59419
1uM,snap 5,83,0.805,3.861,611.565,57002
1uM,snap 5,84,0.601,3.32,553.061,51549
1uM,snap 5,85,1.642,5.392,1017.405,94829
1uM,snap 5,86,1.77,5.603,1142.364,106476
1uM,snap 5,87,1.33,4.982,1444.949,134679
1uM,snap 5,88,1.62,5.119,2397.873,223498
1uM,snap 5,89,1.266,5.05,1213.324,113090
1uM,snap 5,90,0.966,3.804,1034.689,96440
1uM,snap 5,91,1.384,4.907,1653.743,154140
1uM,snap 5,92,0.354,2.424,403.662,37624
1uM,snap 5,93,3.369,7.631,6508.648,606650
1uM,snap 5,94,1.084,4.328,1407.237,131164
1uM,snap 5,95,1.824,5.678,2597.816,242134
1uM,snap 5,96,0.73,3.646,1000.925,93293
1uM,snap 5,97,1.566,4.848,2423.944,225928
1uM,snap 5,98,1.556,5.109,2175.432,202765
1uM,snap 5,99,0.815,4.121,679.747,63357
1uM,snap 5,100,1.212,4.445,1921.127,179062
1uM,snap 5,101,4.034,10.737,5465.28,509401
1uM,snap 5,102,1.352,4.449,1657.702,154509
1uM,snap 5,103,1.835,5.804,1675.855,156201
1uM,snap 5,104,0.88,4.724,737.146,68707
1uM,snap 5,105,2.296,6.294,3549.088,330799
1uM,snap 5,106,5.386,10.69,8463.689,788873
1uM,snap 5,107,5.15,11.462,6524.967,608171
1uM,snap 5,108,4.431,10.008,3508.748,327039
1uM,snap 5,109,0.88,4.01,1327.779,123758
1uM,snap 5,110,3.369,8.917,4223.782,393685
1uM,snap 5,111,3.927,8.824,4306.469,401392
1uM,snap 5,112,0.783,3.911,567.77,52920
1uM,snap 5,113,5.718,11.14,9167.34,854458
1uM,snap 5,114,5.933,11.726,11724.322,1092786
1uM,snap 5,115,1.867,5.455,2503.402,233334
1uM,snap 5,116,1.749,6.27,1964.45,183100
1uM,snap 5,117,1.202,5.216,963.771,89830
1uM,snap 5,118,1.76,5.616,2658.852,247823
1uM,snap 5,119,1.652,5.855,2207.694,205772
1uM,snap 5,120,0.73,3.707,534.618,49830
1uM,snap 5,121,0.268,2.362,255.486,23813
1uM,snap 5,122,4.495,10.148,6071.395,565895
1uM,snap 5,123,1.234,4.628,2030.486,189255
1uM,snap 5,124,1.159,4.273,1520.373,141709
1uM,snap 5,125,0.815,3.759,906.018,84447
1uM,snap 5,126,2.081,6.232,2573.676,239884
1uM,snap 5,127,0.783,3.674,797.399,74323
1uM,snap 5,128,0.955,4.32,1331.62,124116
1uM,snap 5,129,2.264,5.806,3126.662,291426
1uM,snap 5,130,0.815,3.844,770.62,71827
1uM,snap 5,131,0.762,4.086,999.52,93162
1uM,snap 5,132,6.276,14.734,6164.8,574601
1uM,snap 5,133,1.127,4.487,801.605,74715
1uM,snap 5,134,1.094,4.444,784.954,73163
1uM,snap 5,135,0.805,3.786,736.17,68616
1uM,snap 5,136,0.633,3.367,634.321,59123
1uM,snap 5,137,0.858,4.056,610.17,56872
1uM,snap 5,138,1.47,4.947,1917.028,178680
1uM,snap 5,139,3.24,10.265,2516.867,234589
1uM,snap 5,140,1.191,4.41,1036.953,96651
1uM,snap 5,141,0.933,3.949,982.6,91585
1uM,snap 5,142,0.547,2.983,615.996,57415
1uM,snap 5,143,1.223,4.897,880.902,82106
1uM,snap 5,144,1.33,5.064,990.497,92321
1uM,snap 5,145,0.901,4.318,470.406,43845
1uM,snap 5,146,1.942,10.607,1317.426,122793
1uM,snap 6,1,2.092,5.951,3652.793,340465
1uM,snap 6,2,2.167,6.482,4246.495,395802
1uM,snap 6,3,1.47,5.217,3440.974,320722
1uM,snap 6,4,1.556,5.153,3257.436,303615
1uM,snap 6,5,1.212,4.594,2450.337,228388
1uM,snap 6,6,3.809,7.515,10152.236,946257
1uM,snap 6,7,0.966,4.335,1765.548,164561
1uM,snap 6,8,0.676,3.202,1330.762,124036
1uM,snap 6,9,3.315,7.494,8409.991,783868
1uM,snap 6,10,5.45,9.353,15799.531,1472623
1uM,snap 6,11,0.987,4.404,1951.425,181886
1uM,snap 6,12,2.103,6.395,4801.884,447568
1uM,snap 6,13,2.478,6.585,7229.991,673884
1uM,snap 6,14,0.783,3.864,2001.379,186542
1uM,snap 6,15,1.019,4.128,2362.779,220227
1uM,snap 6,16,0.976,4.668,2545.309,237240
1uM,snap 6,17,2.049,5.963,5386.477,502056
1uM,snap 6,18,2.511,7.057,4803.686,447736
1uM,snap 6,19,1.588,5.481,2449.082,228271
1uM,snap 6,20,1.051,5.972,3530.12,329031
1uM,snap 6,21,2.886,7.314,7857.403,732363
1uM,snap 6,22,6.073,11.5,14665.235,1366899
1uM,snap 6,23,1.76,5.492,3494.747,325734
1uM,snap 6,24,1.073,4.365,2175.604,202781
1uM,snap 6,25,1.427,5.606,2070.966,193028
1uM,snap 6,26,1.47,5.238,3568.411,332600
1uM,snap 6,27,1.888,5.523,4975.519,463752
1uM,snap 6,28,3.09,7.767,8920.469,831448
1uM,snap 6,29,3.744,7.939,9867.386,919707
1uM,snap 6,30,3.755,8.395,11953.704,1114166
1uM,snap 6,31,1.76,5.732,4497.077,419158
1uM,snap 6,32,1.062,4.887,2490.774,232157
1uM,snap 6,33,0.59,3.307,1507.069,140469
1uM,snap 6,34,1.041,4.509,1873.319,174606
1uM,snap 6,35,1.266,4.4,2089.977,194800
1uM,snap 6,36,0.633,3.481,1007.341,93891
1uM,snap 6,37,0.751,4.001,1514.997,141208
1uM,snap 6,38,4.088,8.693,7558.647,704517
1uM,snap 6,39,2.832,7.246,5210.62,485665
1uM,snap 6,40,1.341,6.111,2168.502,202119
1uM,snap 6,41,2.511,6.301,5339.924,497717
1uM,snap 6,42,2.811,6.968,6689.043,623464
1uM,snap 6,43,1.234,5.02,2506.138,233589
1uM,snap 6,44,0.397,3.556,780.673,72764
1uM,snap 6,45,0.612,3.541,687.804,64108
1uM,snap 6,46,1.105,4.595,1439.155,134139
1uM,snap 6,47,0.987,4.381,2155.53,200910
1uM,snap 6,48,0.365,2.602,412.835,38479
1uM,snap 6,49,0.923,4.329,1188.734,110798
1uM,snap 7,1,3.133,7.434,6109.192,569418
1uM,snap 7,2,1.341,4.554,2063.981,192377
1uM,snap 7,3,3.852,10.495,4656.057,433976
1uM,snap 7,4,1.084,4.241,1112.527,103695
1uM,snap 7,5,0.794,4.098,857.524,79927
1uM,snap 7,6,1.695,5.724,3389.475,315922
1uM,snap 7,7,2.06,6.781,3275.471,305296
1uM,snap 7,8,3.058,6.877,6311.903,588312
1uM,snap 7,9,1.942,5.912,3742.658,348841
1uM,snap 7,10,3.937,8.404,7878.367,734317
1uM,snap 7,11,2.908,9.667,5136.656,478771
1uM,snap 7,12,2.06,6.158,3884.032,362018
1uM,snap 7,13,2.468,6.788,5597.384,521714
1uM,snap 7,14,0.826,4.12,1123.213,104691
1uM,snap 7,15,4.667,10,9846.357,917747
1uM,snap 7,16,1.234,5.182,1705.338,158949
1uM,snap 7,17,1.009,4.319,1668.452,155511
1uM,snap 7,18,2.275,7.502,3001.499,279760
1uM,snap 7,19,0.644,3.891,653.493,60910
1uM,snap 7,20,2.156,6.488,4724.228,440330
1uM,snap 7,21,2.811,7.698,4945.414,460946
1uM,snap 7,22,1.695,5.926,1807.358,168458
1uM,snap 7,23,4.882,8.989,11500.207,1071897
1uM,snap 7,24,2.478,6.6,5113.503,476613
1uM,snap 7,25,1.727,5.826,2361.159,220076
1uM,snap 7,26,5.128,11.879,10241.801,954605
1uM,snap 7,27,9.302,12.784,25928.174,2416681
1uM,snap 7,28,9.903,14.718,26782.007,2496264
1uM,snap 7,29,1.599,5.275,2834.666,264210
1uM,snap 7,30,7.467,14.024,19111.158,1781289
1uM,snap 7,31,7.671,15.747,17118.169,1595529
1uM,snap 7,32,1.33,5.859,2044.036,190518
1uM,snap 7,33,2.961,10.478,5042.853,470028
1uM,snap 7,34,0.998,4.216,1305.292,121662
1uM,snap 7,35,1.845,7.836,2289.062,213356
1uM,snap 7,36,3.358,8.68,6327.932,589806
1uM,snap 7,37,3.605,9.583,8891.051,828706
1uM,snap 7,38,3.519,8.359,8731.406,813826
1uM,snap 7,39,1.717,5.351,2973.722,277171
1uM,snap 7,40,1.159,5.35,1811.779,168870
1uM,snap 7,41,6.469,16.792,12897.295,1202115
1uM,snap 7,42,1.405,5.476,1765.226,164531
1uM,snap 7,43,1.191,5.474,1390.661,129619
1uM,snap 7,44,2.736,6.442,7828.95,729711
1uM,snap 7,45,1.298,4.932,2725.317,254018
1uM,snap 7,46,4.892,11.231,12203.386,1137438
1uM,snap 7,47,2.038,6.536,4908.818,457535
1uM,snap 7,48,2.393,6.625,2884.051,268813
1uM,snap 7,49,3.97,8.141,7976.364,743451
1uM,snap 7,50,1.255,5.164,1641.952,153041
1uM,snap 7,51,3.09,7.24,6399.472,596474
1uM,snap 7,52,5.354,9.686,14622.352,1362902
1uM,snap 7,53,1.706,5.564,4005.278,373319
1uM,snap 7,54,1.159,4.736,2062.426,192232
1uM,snap 7,55,2.36,8.226,5033.026,469112
1uM,snap 7,56,2.403,7.858,5257.14,490001
1uM,snap 7,57,1.116,4.441,2303.331,214686
1uM,snap 7,58,0.504,3.463,685.937,63934
1uM,snap 7,59,3.09,7.422,6354.475,592280
1uM,snap 7,60,0.676,3.419,1065.084,99273
1uM,snap 7,61,0.579,3.056,926.682,86373
1uM,snap 7,62,0.461,3.186,660.993,61609
1uM,snap 7,63,0.719,4.037,897.177,83623
1uM,snap 7,64,3.616,8.424,7896.327,735991
1uM,snap 7,65,1.062,4.46,2221.277,207038
1uM,snap 7,66,1.491,7.833,1720.347,160348
1uM,snap 7,67,0.89,3.899,2207.683,205771
1uM,snap 7,68,0.976,4.063,2285.693,213042
1uM,snap 7,69,1.77,6.524,3151.156,293709
1uM,snap 7,70,0.815,4.032,1179.893,109974
1uM,snap 7,71,0.858,3.846,1415.058,131893
1uM,snap 7,72,0.89,4.368,1533.419,142925
1uM,snap 7,73,2.446,7.669,4940.318,460471
1uM,snap 7,74,0.88,4.454,1780.536,165958
1uM,snap 7,75,0.912,4.598,1535.887,143155
1uM,snap 7,76,1.695,6.289,2406.381,224291
1uM,snap 7,77,5.364,11.633,11793.169,1099203
1uM,snap 7,78,5.965,12.427,16487.614,1536757
1uM,snap 7,79,3.186,9.006,8083.073,753397
1uM,snap 7,80,2.414,6.571,5803.303,540907
1uM,snap 7,81,1.738,6.011,3588.42,334465
1uM,snap 7,82,2.049,6.107,4349.813,405432
1uM,snap 7,83,2.017,6.406,3633.235,338642
1uM,snap 7,84,4.163,8.833,7826.085,729444
1uM,snap 7,85,7.092,13.648,10885.81,1014631
1uM,snap 7,86,1.727,5.324,3673.178,342365
1uM,snap 7,87,9.27,18.452,24673.92,2299776
1uM,snap 7,88,3.09,7.841,6769.08,630924
1uM,snap 7,89,3.304,7.59,8530.39,795090
1uM,snap 7,90,0.451,2.908,855.603,79748
1uM,snap 7,91,1.717,5.567,4642.271,432691
1uM,snap 7,92,0.708,3.313,1807.036,168428
1uM,snap 7,93,4.088,8.244,7659.906,713955
1uM,snap 7,94,1.491,4.873,3157.282,294280
1uM,snap 7,95,1.448,6.101,2569.985,239540
1uM,snap 7,96,0.536,2.923,996.698,92899
1uM,snap 7,97,0.88,3.868,1355.996,126388
1uM,snap 7,98,0.74,3.423,942.346,87833
1uM,snap 7,99,0.59,3.297,846.355,78886
1uM,snap 7,100,1.32,5.527,2285.929,213064
1uM,snap 7,101,1.363,5.871,3500.669,326286
1uM,snap 7,102,1.395,4.738,2482.706,231405
1uM,snap 7,103,5.332,12,9709.618,905002
1uM,snap 7,104,1.212,5.342,1356.554,126440
1uM,snap 7,105,0.536,3.447,865.678,80687
1uM,snap 8,1,1.856,5.619,3280.932,305805
1uM,snap 8,2,2.049,6.78,2702.379,251880
1uM,snap 8,3,2.8,11.568,3667.084,341797
1uM,snap 8,4,2.071,6.181,3535.162,329501
1uM,snap 8,5,1.491,4.727,2226.684,207542
1uM,snap 8,6,2.854,6.665,5336.426,497391
1uM,snap 8,7,2.242,5.818,4620.073,430622
1uM,snap 8,8,0.612,3.463,1047.413,97626
1uM,snap 8,9,0.376,2.578,795.479,74144
1uM,snap 8,10,0.44,2.631,721.675,67265
1uM,snap 8,11,0.73,3.358,1150.957,107277
1uM,snap 8,12,1.18,4.381,1940.213,180841
1uM,snap 8,13,1.051,4.531,1055.782,98406
1uM,snap 8,14,1.438,5.02,2173.823,202615
1uM,snap 8,15,1.287,4.414,1852.752,172689
1uM,snap 8,16,1.513,5.101,1721.184,160426
1uM,snap 8,17,2.307,6.773,3412.156,318036
1uM,snap 8,18,1.33,4.511,2502.351,233236
1uM,snap 8,19,2.747,6.895,5695.778,530885
1uM,snap 8,20,1.963,5.538,4252.203,396334
1uM,snap 8,21,0.322,2.317,441.867,41185
1uM,snap 8,22,1.073,4.341,1739.252,162110
1uM,snap 8,23,1.631,5.105,2460.047,229293
1uM,snap 8,24,0.901,3.935,1207.327,112531
1uM,snap 8,25,2.081,6.003,3603.108,335834
1uM,snap 8,26,0.654,3.149,1450.796,135224
1uM,snap 8,27,2.038,6.077,4509.866,420350
1uM,snap 8,28,0.558,2.981,916.564,85430
1uM,snap 8,29,0.504,2.797,570.195,53146
1uM,snap 8,30,1.513,4.678,2190.496,204169
1uM,snap 8,31,2.553,8.701,2540.717,236812
1uM,snap 8,32,0.826,3.712,1271.131,118478
1uM,snap 8,33,2.618,6.916,3935.562,366821
1uM,snap 8,34,1.609,5.963,1774.539,165399
1uM,snap 8,35,2.757,9.755,2832.96,264051
1uM,snap 9,1,3.594,7.944,6679.687,622592
1uM,snap 9,2,3.111,7.083,6320.304,589095
1uM,snap 9,3,6.115,9.877,15638.577,1457621
1uM,snap 9,4,4.989,9.11,14323.468,1335044
1uM,snap 9,5,1.695,5.193,2917.331,271915
1uM,snap 9,6,7.274,11.661,18999.685,1770899
1uM,snap 9,7,1.577,5.335,3115.815,290415
1uM,snap 9,8,1.781,5.648,3079.584,287038
1uM,snap 9,9,1.749,5.609,2161.238,201442
1uM,snap 9,10,4.238,11.275,6639.991,618892
1uM,snap 9,11,1.041,4.382,1957.176,182422
1uM,snap 9,12,1.652,5.664,3147.948,293410
1uM,snap 9,13,2.629,6.962,5457.222,508650
1uM,snap 9,14,0.397,2.565,549.735,51239
1uM,snap 9,15,3.111,6.989,6505.784,606383
1uM,snap 9,16,2.156,8.379,3401.116,317007
1uM,snap 9,17,2.854,6.533,6855.769,639004
1uM,snap 9,18,0.472,2.96,729.496,67994
1uM,snap 9,19,5.043,10.091,13017.05,1213277
1uM,snap 9,20,2.178,5.977,4388.555,409043
1uM,snap 9,21,9.484,16.062,25516.648,2378324
1uM,snap 9,22,5.322,9.929,12971.281,1209011
1uM,snap 9,23,2.532,6.314,5304.154,494383
1uM,snap 9,24,1.33,5.18,1676.445,156256
1uM,snap 9,25,3.862,8.082,11260.149,1049522
1uM,snap 9,26,3.959,10.217,7555.332,704208
1uM,snap 9,27,3.272,8.703,4001.652,372981
1uM,snap 9,28,3.294,8.3,2871.981,267688
1uM,snap 9,29,5.407,9.848,13098.825,1220899
1uM,snap 9,30,4.506,8.475,9156.471,853445
1uM,snap 9,31,0.676,3.503,1015.946,94693
1uM,snap 9,32,7.929,13.329,19468.932,1814636
1uM,snap 9,33,0.848,3.944,1379.449,128574
1uM,snap 9,34,1.234,4.493,2976.812,277459
1uM,snap 9,35,3.959,9.629,10634.09,991169
1uM,snap 9,36,2.028,7.288,2394.966,223227
1uM,snap 9,37,3.337,7.925,6588.879,614128
1uM,snap 9,38,1.631,5.533,2505.773,233555
1uM,snap 9,39,2.156,7.037,4402.428,410336
1uM,snap 9,40,1.942,6.814,2904.285,270699
1uM,snap 9,41,4.978,13.215,5183.347,483123
1uM,snap 9,42,1.695,5.389,3723.282,347035
1uM,snap 9,43,2.543,6.855,5193.894,484106
1uM,snap 9,44,1.137,4.069,2534.333,236217
1uM,snap 9,45,0.89,3.597,1928.98,179794
1uM,snap 9,46,9.023,12.112,29802.175,2777764
1uM,snap 9,47,4.485,8.779,11273.968,1050810
1uM,snap 9,48,3.219,7.421,7958.254,741763
1uM,snap 9,49,0.579,2.954,1255.81,117050
1uM,snap 9,50,1.481,4.875,2421.756,225724
1uM,snap 9,51,0.88,3.665,897.285,83633
1uM,snap 9,52,1.18,4.978,1620.226,151016
1uM,snap 9,53,1.481,4.891,2589.276,241338
1uM,snap 9,54,1.609,5.407,2431.884,226668
1uM,snap 9,55,4.345,8.249,11847.897,1104304
1uM,snap 9,56,0.515,2.81,983.126,91634
1uM,snap 9,57,0.536,2.99,999.649,93174
1uM,snap 9,58,0.794,3.735,1327.522,123734
1uM,snap 9,59,1.019,4.102,1920.311,178986
1uM,snap 9,60,2.854,7.817,6043.146,563262
1uM,snap 9,61,1.459,5.16,2399.075,223610
1uM,snap 9,62,3.122,8.53,6212.479,579045
1uM,snap 9,63,7.982,12.217,15540.215,1448453
1uM,snap 9,64,0.644,3.66,927.132,86415
3uM,snap 0,1,1.373,4.737,2344.755,218547
3uM,snap 0,2,1.888,6.03,2436.776,227124
3uM,snap 0,3,0.451,3.842,489.557,45630
3uM,snap 0,4,0.923,4.198,1136.13,105895
3uM,snap 0,5,0.944,4.722,1177.243,109727
3uM,snap 0,6,1.33,4.918,2682.198,249999
3uM,snap 0,7,0.944,4.116,1018.252,94908
3uM,snap 0,8,3.229,10.096,5495.889,512254
3uM,snap 0,9,0.751,3.982,827.183,77099
3uM,snap 0,10,0.719,3.813,982.322,91559
3uM,snap 0,11,1.899,6.538,2938.886,273924
3uM,snap 0,12,0.966,4.625,1266.807,118075
3uM,snap 0,13,0.644,3.426,875.795,81630
3uM,snap 0,14,2.393,8.679,3813.769,355469
3uM,snap 0,15,1.674,5.332,2695.588,251247
3uM,snap 0,16,0.654,3.608,892.253,83164
3uM,snap 0,17,1.663,5.361,2938.296,273869
3uM,snap 0,18,1.084,4.231,1492.542,139115
3uM,snap 0,19,1.341,4.838,1572.225,146542
3uM,snap 0,20,3.262,6.666,6485.045,604450
3uM,snap 0,21,0.547,3.714,921.714,85910
3uM,snap 0,22,0.612,3.314,907.241,84561
3uM,snap 0,23,3.047,7.877,5638.207,525519
3uM,snap 0,24,0.955,4.701,1526.188,142251
3uM,snap 0,25,0.88,4.371,1669.031,155565
3uM,snap 0,26,1.019,4.96,1307.459,121864
3uM,snap 0,27,0.944,3.647,1947.08,181481
3uM,snap 0,28,0.837,4.169,1552.13,144669
3uM,snap 0,29,1.352,4.991,1415.552,131939
3uM,snap 0,30,5.44,11.751,9950.942,927495
3uM,snap 0,31,1.802,5.876,1853.728,172780
3uM,snap 0,32,1.459,5.043,1650.374,153826
3uM,snap 0,33,0.483,3.22,538.813,50221
3uM,snap 0,34,3.251,6.872,6849.632,638432
3uM,snap 0,35,1.663,5.927,2313.341,215619
3uM,snap 0,36,1.513,5.878,1776.867,165616
3uM,snap 0,37,1.073,4.123,1954.536,182176
3uM,snap 0,38,1.76,6.417,2074.807,193386
3uM,snap 0,39,1.202,4.69,1821.188,169747
3uM,snap 0,40,3.659,9.863,6387.402,595349
3uM,snap 0,41,0.923,3.778,1232.1,114840
3uM,snap 0,42,0.944,3.589,1484.817,138395
3uM,snap 0,43,0.869,4.339,1283.33,119615
3uM,snap 0,44,1.792,5.713,3905.264,363997
3uM,snap 0,45,0.837,3.839,1141.945,106437
3uM,snap 0,46,3.165,7.147,7552.961,703987
3uM,snap 0,47,2.199,6.755,4303.883,401151
3uM,snap 0,48,1.92,5.485,3194.028,297705
3uM,snap 0,49,2.993,6.807,6538.7,609451
3uM,snap 0,50,1.599,5.146,2748.352,256165
3uM,snap 0,51,3.937,7.739,8292.478,772915
3uM,snap 0,52,0.515,2.8,667.57,62222
3uM,snap 0,53,0.719,3.364,1227.196,114383
3uM,snap 0,54,2.296,6.298,3714.527,346219
3uM,snap 0,55,2.36,6.607,4769.247,444526
3uM,snap 0,56,0.837,4.062,1525.565,142193
3uM,snap 0,57,2.478,6.66,4371.153,407421
3uM,snap 0,58,4.914,9.891,8664.34,807575
3uM,snap 0,59,2.038,6.054,3743.742,348942
3uM,snap 0,60,1.556,5.158,2457.579,229063
3uM,snap 0,61,0.944,4.259,1076.553,100342
3uM,snap 0,62,2.564,6.991,2256.328,210305
3uM,snap 0,63,2.661,9.641,3758.451,350313
3uM,snap 0,64,3.905,11.96,3976.214,370610
3uM,snap 0,65,1.835,5.553,4863.542,453315
3uM,snap 0,66,3.251,8.58,4627.272,431293
3uM,snap 0,67,0.494,2.898,605.267,56415
3uM,snap 0,68,6.555,15.172,12360.735,1152104
3uM,snap 0,69,2.382,7.938,3421.319,318890
3uM,snap 0,70,0.869,3.552,868.564,80956
3uM,snap 0,71,2.521,6.614,4642.539,432716
3uM,snap 0,72,0.944,3.837,1259.651,117408
3uM,snap 0,73,0.687,3.439,1517.326,141425
3uM,snap 0,74,0.579,3.269,687.193,64051
3uM,snap 0,75,1.47,5.654,1536.798,143240
3uM,snap 0,76,5.043,9.422,11831.996,1102822
3uM,snap 0,77,1.03,4.347,1968.72,183498
3uM,snap 0,78,2.918,6.977,5010.431,467006
3uM,snap 0,79,1.062,4.998,1716.088,159951
3uM,snap 0,80,1.706,5.358,3613.74,336825
3uM,snap 0,81,2.317,6.501,5490.75,511775
3uM,snap 0,82,0.697,3.672,1431.42,133418
3uM,snap 0,83,0.848,3.365,1323.295,123340
3uM,snap 0,84,1.363,5.499,2550.62,237735
3uM,snap 0,85,0.429,2.557,876.557,81701
3uM,snap 0,86,0.644,3.786,717.856,66909
3uM,snap 0,87,0.579,3.367,640.308,59681
3uM,snap 0,88,4.71,8.56,9535.596,888782
3uM,snap 0,89,0.343,2.876,474.193,44198
3uM,snap 0,90,1.684,5.123,2548.699,237556
3uM,snap 0,91,2.425,6.198,3231.869,301232
3uM,snap 0,92,1.931,5.365,3433.785,320052
3uM,snap 0,93,1.234,4.62,1361.436,126895
3uM,snap 0,94,3.197,7.493,7141.8,665664
3uM,snap 0,95,0.805,5.724,736.942,68688
3uM,snap 0,96,4.731,11.254,6799.357,633746
3uM,snap 0,97,3.498,9.341,6396.736,596219
3uM,snap 0,98,0.751,3.459,1012.845,94404
3uM,snap 0,99,2.918,7.645,7081.171,660013
3uM,snap 0,100,0.923,4.051,1476.985,137665
3uM,snap 0,101,9.377,17.882,21215.705,1977447
3uM,snap 0,102,1.931,6.042,2548.646,237551
3uM,snap 0,103,3.186,8.133,6943.595,647190
3uM,snap 0,104,1.448,4.574,3318.912,309345
3uM,snap 0,105,3.723,11.509,4102.342,382366
3uM,snap 0,106,1.459,4.936,2030.185,189227
3uM,snap 0,107,0.837,4.232,1322.222,123240
3uM,snap 0,108,1.245,4.46,2767.299,257931
3uM,snap 0,109,0.708,3.578,1501.34,139935
3uM,snap 0,110,3.626,8.603,6082.349,566916
3uM,snap 0,111,1.963,6.791,2168.083,202080
3uM,snap 0,112,2.275,6.161,2190.228,204144
3uM,snap 0,113,7.081,14.12,10904.306,1016355
3uM,snap 0,114,1.009,4.519,1316.214,122680
3uM,snap 0,115,0.687,4.137,1143.748,106605
3uM,snap 0,116,0.88,4.534,1406.926,131135
3uM,snap 0,117,4.721,9.856,9384.47,874696
3uM,snap 0,118,2.275,5.917,5376.853,501159
3uM,snap 0,119,1.438,4.933,2052.952,191349
3uM,snap 0,120,0.912,3.606,1144.123,106640
3uM,snap 0,121,1.287,5.024,1992.216,185688
3uM,snap 0,122,1.513,5.764,3573.979,333119
3uM,snap 0,123,0.783,3.778,691.667,64468
3uM,snap 0,124,0.494,3.16,579.658,54028
3uM,snap 0,125,1.352,5.37,1334.056,124343
3uM,snap 0,126,4.292,11.361,7715.052,719095
3uM,snap 0,127,0.901,4.389,1350.546,125880
3uM,snap 0,128,1.051,4.154,1262.988,117719
3uM,snap 0,129,0.397,2.585,465.224,43362
3uM,snap 0,130,0.783,4.085,978.588,91211
3uM,snap 0,131,0.515,2.823,603.894,56287
3uM,snap 0,132,2.317,6.964,4240.701,395262
3uM,snap 0,133,4.109,8.005,10160.487,947026
3uM,snap 0,134,1.599,5.417,3305.715,308115
3uM,snap 0,135,0.719,3.339,1061.758,98963
3uM,snap 0,136,1.159,4.429,2089.773,194781
3uM,snap 0,137,1.91,8.479,2499.433,232964
3uM,snap 0,138,4.002,8.577,8763.313,816800
3uM,snap 0,139,1.727,5.558,3910.618,364496
3uM,snap 0,140,2.5,6.354,3676.965,342718
3uM,snap 0,141,2.317,6.146,3228.714,300938
3uM,snap 0,142,2.124,5.898,3647.772,339997
3uM,snap 0,143,1.169,5.558,1539.352,143478
3uM,snap 0,144,8.422,14.006,20795.95,1938323
3uM,snap 0,145,1.309,4.54,1722.171,160518
3uM,snap 0,146,4.292,9.813,8115.163,756388
3uM,snap 0,147,2.918,7.022,4142.125,386074
3uM,snap 0,148,3.251,7.674,6421.187,598498
3uM,snap 0,149,0.622,3.889,1344.355,125303
3uM,snap 0,150,1.33,4.951,2521.663,235036
3uM,snap 0,151,1.298,4.841,1451.129,135255
3uM,snap 0,152,1.824,5.125,2684.194,250185
3uM,snap 0,153,1.459,4.822,3508.565,327022
3uM,snap 0,154,1.298,4.391,2309.446,215256
3uM,snap 0,155,0.697,3.676,987.922,92081
3uM,snap 0,156,1.566,5.472,2182.803,203452
3uM,snap 0,157,1.416,5.006,2746.099,255955
3uM,snap 0,158,2.017,5.681,3823.993,356422
3uM,snap 0,159,1.502,4.892,3069.005,286052
3uM,snap 0,160,2.843,6.927,6216.288,579400
3uM,snap 0,161,1.545,4.963,2076.169,193513
3uM,snap 0,162,0.676,3.48,1065.513,99313
3uM,snap 0,163,4.013,8.309,9577.074,892648
3uM,snap 0,164,2.865,7.519,4522.569,421534
3uM,snap 0,165,2.028,5.68,3362.975,313452
3uM,snap 0,166,3.144,7.07,7542.533,703015
3uM,snap 0,167,1.706,5.599,4368.739,407196
3uM,snap 0,168,1.459,4.808,2053.789,191427
3uM,snap 0,169,1.545,4.92,2760.551,257302
3uM,snap 0,170,0.697,3.902,834.253,77758
3uM,snap 0,171,0.579,2.956,567.255,52872
3uM,snap 0,172,0.751,3.29,1337.317,124647
3uM,snap 0,173,0.89,3.999,1462.823,136345
3uM,snap 0,174,2.575,7.618,4863.167,453280
3uM,snap 0,175,1.609,4.924,2915.411,271736
3uM,snap 0,176,1.459,4.742,2092.263,195013
3uM,snap 0,177,0.826,3.98,1673.677,155998
3uM,snap 0,178,0.451,2.655,705.657,65772
3uM,snap 0,179,2.607,7.651,3842.318,358130
3uM,snap 0,180,0.89,3.834,1807.948,168513
3uM,snap 0,181,0.805,3.88,958.171,89308
3uM,snap 0,182,1.566,4.947,3587.015,334334
3uM,snap 0,183,2.156,5.502,4752.51,442966
3uM,snap 0,184,1.266,5.176,1535.436,143113
3uM,snap 0,185,3.455,7.824,6330.507,590046
3uM,snap 0,186,2.961,6.841,3983.628,371301
3uM,snap 0,187,1.695,5.301,1923.026,179239
3uM,snap 0,188,1.727,5.565,2429.942,226487
3uM,snap 0,189,0.515,3.12,745.343,69471
3uM,snap 0,190,0.719,3.701,834.339,77766
3uM,snap 0,191,1.76,6.206,1466.825,136718
3uM,snap 1,1,0.644,4.231,1280.175,119321
3uM,snap 1,2,0.933,6.173,1495.289,139371
3uM,snap 1,3,3.315,9.738,8531.667,795209
3uM,snap 1,4,0.933,5.404,1833.74,170917
3uM,snap 1,5,6.512,15.308,15629.21,1456748
3uM,snap 1,6,0.654,4.89,981.935,91523
3uM,snap 1,7,0.687,3.876,1274.672,118808
3uM,snap 1,8,13.196,21.483,29432.287,2743288
3uM,snap 1,9,0.429,3.477,721.171,67218
3uM,snap 1,10,1.084,6.863,2015.111,187822
3uM,snap 1,11,0.644,4.038,1365.566,127280
3uM,snap 1,12,2.929,10.609,8480.179,790410
3uM,snap 1,13,0.365,3.788,481.757,44903
3uM,snap 1,14,2.779,8.999,6303.492,587528
3uM,snap 1,15,0.204,2.468,366.143,34127
3uM,snap 1,16,0.622,5.37,1183.938,110351
3uM,snap 1,17,3.573,9.703,9384.599,874708
3uM,snap 1,18,2.253,10.067,4938.172,460271
3uM,snap 1,19,2.317,8.405,5336.984,497443
3uM,snap 1,20,0.418,3.241,562.094,52391
3uM,snap 1,21,0.257,2.575,402.621,37527
3uM,snap 2,1,1.599,5.489,3390.527,316020
3uM,snap 2,2,1.33,4.781,2428.923,226392
3uM,snap 2,3,0.708,3.662,688.716,64193
3uM,snap 2,4,0.547,2.81,580.076,54067
3uM,snap 2,5,1.266,5.004,2073.648,193278
3uM,snap 2,6,1.824,6.136,2025.433,188784
3uM,snap 2,7,0.44,2.981,436.116,40649
3uM,snap 2,8,0.837,4.011,844.338,78698
3uM,snap 2,9,1.577,5.764,2243.84,209141
3uM,snap 2,10,0.944,4.201,1379.128,128544
3uM,snap 2,11,1.212,4.29,1900.281,177119
3uM,snap 2,12,0.579,3.418,935.726,87216
3uM,snap 2,13,0.826,4.094,1496.05,139442
3uM,snap 2,14,0.923,4.688,1083.484,100988
3uM,snap 2,15,3.036,7.56,3775.789,351929
3uM,snap 2,16,1.717,6.064,2487.856,231885
3uM,snap 2,17,3.026,7.384,5878.276,547895
3uM,snap 2,18,1.706,5.696,3213.179,299490
3uM,snap 2,19,1.019,4.434,1308.038,121918
3uM,snap 2,20,0.59,3.536,1231.563,114790
3uM,snap 2,21,2.403,7.071,6014.435,560586
3uM,snap 2,22,2.167,6.25,4517.945,421103
3uM,snap 2,23,2.908,8.007,4506.905,420074
3uM,snap 2,24,1.599,6.081,2925.346,272662
3uM,snap 2,25,1.652,5.425,3073.586,286479
3uM,snap 2,26,2.747,7.407,6134.577,571784
3uM,snap 2,27,9.624,13.983,23853.003,2223261
3uM,snap 2,28,1.073,4.903,1957.219,182426
3uM,snap 2,29,0.794,3.899,1323.863,123393
3uM,snap 2,30,0.526,3.428,890.429,82994
3uM,snap 2,31,0.901,4.226,1266.657,118061
3uM,snap 2,32,1.019,4.891,1343.776,125249
3uM,snap 2,33,1.91,5.581,3393.778,316323
3uM,snap 2,34,1.534,5.534,3102.951,289216
3uM,snap 2,35,1.105,4.439,2670.515,248910
3uM,snap 2,36,1.287,4.291,1802.455,168001
3uM,snap 2,37,0.644,3.504,717.748,66899
3uM,snap 2,38,0.44,2.662,574.121,53512
3uM,snap 2,39,5.118,10.256,14035.656,1308218
3uM,snap 2,40,1.674,5.137,3163.719,294880
3uM,snap 2,41,0.451,2.824,701.934,65425
3uM,snap 2,42,0.365,2.779,710.367,66211
3uM,snap 2,43,0.858,3.796,1223.162,114007
3uM,snap 2,44,0.547,3.16,979.414,91288
3uM,snap 2,45,1.309,4.837,3039.265,283280
3uM,snap 2,46,1.481,5.441,2657.243,247673
3uM,snap 2,47,0.794,3.885,896.823,83590
3uM,snap 2,48,1.019,4.741,1829.513,170523
3uM,snap 2,49,0.858,4.267,818.16,76258
3uM,snap 2,50,1.835,5.491,2169.049,202170
3uM,snap 2,51,0.826,4.07,1077.347,100416
3uM,snap 2,52,1.91,6.666,2199.401,204999
3uM,snap 2,53,0.923,4.624,1517.068,141401
3uM,snap 2,54,1.341,5.092,1593.983,148570
3uM,snap 2,55,0.343,2.688,581.567,54206
3uM,snap 2,56,0.74,3.751,939.9,87605
3uM,snap 2,57,0.858,4.787,876.535,81699
3uM,snap 2,58,1.878,6.05,3398.166,316732
3uM,snap 2,59,1.019,4.032,1417.011,132075
3uM,snap 2,60,0.751,4.176,1060.739,98868
3uM,snap 2,61,1.813,6.028,2924.155,272551
3uM,snap 2,62,0.987,4.271,1669.117,155573
3uM,snap 2,63,1.03,4.551,1096.058,102160
3uM,snap 2,64,1.169,4.938,929.868,86670
3uM,snap 3,1,0.429,2.64,538.598,50201
3uM,snap 3,2,1.287,4.734,1789.269,166772
3uM,snap 3,3,5.772,13.509,9949.676,927377
3uM,snap 3,4,5.976,11.589,12533.823,1168237
3uM,snap 3,5,1.556,5.408,2345.506,218617
3uM,snap 3,6,0.697,3.504,875.205,81575
3uM,snap 3,7,1.738,5.454,3526.096,328656
3uM,snap 3,8,3.712,8.926,6015.905,560723
3uM,snap 3,9,4.807,11.545,5863.352,546504
3uM,snap 3,10,1.663,6.091,1522.39,141897
3uM,snap 3,11,14.226,22.844,20586.662,1918816
3uM,snap 3,12,2.575,8.148,3725.739,347264
3uM,snap 3,13,1.985,7.318,2169.778,202238
3uM,snap 3,14,3.465,10.831,4097.836,381946
3uM,snap 3,15,1.03,4.873,1019.69,95042
3uM,snap 3,16,0.579,3.472,730.945,68129
3uM,snap 3,17,3.047,10.413,3879.59,361604
3uM,snap 3,18,2.071,7.947,1641.673,153015
3uM,snap 3,19,3.294,9.897,4762.809,443926
3uM,snap 3,20,1.663,7.334,2062.823,192269
3uM,snap 3,21,1.545,5.532,2098.335,195579
3uM,snap 3,22,4.549,9.238,8527.536,794824
3uM,snap 3,23,0.719,3.791,1501.833,139981
3uM,snap 3,24,2.124,7.851,3466.401,323092
3uM,snap 3,25,5.493,11.701,11008.548,1026071
3uM,snap 3,26,3.068,8.348,6224.957,580208
3uM,snap 3,27,1.18,4.571,1700.392,158488
3uM,snap 3,28,0.472,2.57,558.361,52043
3uM,snap 3,29,7.532,15.619,15036.013,1401458
3uM,snap 3,30,0.837,4.296,1136.999,105976
3uM,snap 3,31,0.719,3.971,1340.879,124979
3uM,snap 3,32,1.727,5.753,3212.793,299454
3uM,snap 3,33,1.985,5.403,3765.178,350940
3uM,snap 3,34,1.105,4.362,1943.936,181188
3uM,snap 3,35,1.92,6.28,3442.744,320887
3uM,snap 3,36,0.558,3.17,931.971,86866
3uM,snap 3,37,2.135,6.797,3691.535,344076
3uM,snap 3,38,7.446,16.65,12757.08,1189046
3uM,snap 3,39,0.89,4.06,1623.209,151294
3uM,snap 3,40,9.27,16.404,23008.837,2144579
3uM,snap 3,41,0.44,2.774,706.247,65827
3uM,snap 3,42,4.163,10.233,11770.381,1097079
3uM,snap 3,43,4.785,10.495,12804.576,1193473
3uM,snap 3,44,1.341,4.788,2281.981,212696
3uM,snap 3,45,0.976,3.752,1759.229,163972
3uM,snap 3,46,4.238,9.377,9719.628,905935
3uM,snap 3,47,3.219,9.25,5801.682,540756
3uM,snap 3,48,1.277,5.495,1943.421,181140
3uM,snap 3,49,0.279,2.442,520.842,48546
3uM,snap 3,50,1.727,5.814,3667.299,341817
3uM,snap 3,51,4.41,10.299,10080.729,939592
3uM,snap 3,52,4.442,9.836,11127.82,1037188
3uM,snap 3,53,2.114,6.273,3805.078,354659
3uM,snap 3,54,2.21,6.727,5079.525,473446
3uM,snap 3,55,9.227,19.583,23838.454,2221905
3uM,snap 3,56,0.783,3.49,1582.493,147499
3uM,snap 3,57,2.532,8.365,5067.841,472357
3uM,snap 3,58,4.667,12.694,9655.33,899942
3uM,snap 3,59,15.171,18.993,39369.003,3669457
3uM,snap 3,60,1.534,5.877,2654.7,247436
3uM,snap 3,61,1.77,5.631,4109.412,383025
3uM,snap 3,62,3.841,8.873,9990.37,931170
3uM,snap 3,63,2.028,6.15,4219.694,393304
3uM,snap 3,64,0.687,3.945,1039.613,96899
3uM,snap 3,65,1.212,4.931,2293.074,213730
3uM,snap 3,66,2.832,6.945,6143.095,572578
3uM,snap 3,67,3.154,7.492,7865.878,733153
3uM,snap 3,68,1.717,6.641,4487.271,418244
3uM,snap 3,69,1.91,6.161,4471.189,416745
3uM,snap 3,70,1.963,7.281,3476.894,324070
3uM,snap 3,71,1.298,6.036,2108.785,196553
3uM,snap 3,72,1.148,4.75,2077.993,193683
3uM,snap 3,73,2.5,7.248,5395.961,502940
3uM,snap 3,74,1.287,4.602,2673.165,249157
3uM,snap 3,75,4.592,9.564,11563.861,1077830
3uM,snap 3,76,2.232,7.824,6502.039,606034
3uM,snap 3,77,0.987,4.933,1864.575,173791
3uM,snap 3,78,1.513,5.436,3234.819,301507
3uM,snap 3,79,1.245,4.824,2201.396,205185
3uM,snap 3,80,1.695,6.752,2611.334,243394
3uM,snap 3,81,0.569,3.609,1278.802,119193
3uM,snap 3,82,1.384,5.066,1840.918,171586
3uM,snap 3,83,8.883,14.977,17650.319,1645129
3uM,snap 3,84,0.558,3.41,735.923,68593
3uM,snap 3,85,0.354,2.816,553.05,51548
3uM,snap 3,86,0.858,4.187,1622.704,151247
3uM,snap 3,87,1.352,5.104,2758.416,257103
3uM,snap 3,88,1.47,5.545,2280.875,212593
3uM,snap 3,89,4.656,11.646,9766.095,910266
3uM,snap 3,90,3.122,8.135,6831.962,636785
3uM,snap 3,91,0.901,4.17,1483.079,138233
3uM,snap 3,92,6.652,11.886,18063.937,1683681
3uM,snap 3,93,1.094,4.434,1073.742,100080
3uM,snap 3,94,0.976,4.251,1683.494,156913
3uM,snap 3,95,3.347,8.414,6129.781,571337
3uM,snap 3,96,1.706,5.256,2563.634,238948
3uM,snap 3,97,2.993,7.918,5855.702,545791
3uM,snap 3,98,0.912,5.391,1888.061,175980
3uM,snap 3,99,2.382,7.139,4474.633,417066
3uM,snap 3,100,2.693,7.888,5783.647,539075
3uM,snap 3,101,1.502,5.8,2230.589,207906
3uM,snap 3,102,2.564,8.015,4217.656,393114
3uM,snap 3,103,1.127,4.591,1737.106,161910
3uM,snap 3,104,1.588,5.777,2708.216,252424
3uM,snap 3,105,2.553,6.396,4950.703,461439
3uM,snap 3,106,0.923,4.234,1540.521,143587
3uM,snap 3,107,0.547,3.4,842.954,78569
3uM,snap 3,108,7.51,12.753,18905.271,1762099
3uM,snap 3,109,4.034,9.236,8074.919,752637
3uM,snap 3,110,1.599,5.12,3405.515,317417
3uM,snap 3,111,1.459,5.029,2656.299,247585
3uM,snap 3,112,19.451,21.039,48627.924,4532451
3uM,snap 3,113,9.677,13.865,24125.601,2248669
3uM,snap 3,114,7.006,11.865,19414.73,1809584
3uM,snap 3,115,1.631,5.491,3593.516,334940
3uM,snap 3,116,15.095,20.46,36514.392,3403388
3uM,snap 3,117,2.317,6.318,5120.755,477289
3uM,snap 3,118,3.283,7.675,6669.592,621651
3uM,snap 3,119,2.006,7.52,2573.333,239852
3uM,snap 3,120,0.815,3.519,1695.21,158005
3uM,snap 3,121,0.762,3.981,1080.48,100708
3uM,snap 4,1,1.878,5.819,3508.823,327046
3uM,snap 4,2,0.719,3.744,784.096,73083
3uM,snap 4,3,3.83,8.059,7394.797,689245
3uM,snap 4,4,1.996,5.573,3513.587,327490
3uM,snap 4,5,2.414,6.88,4331.285,403705
3uM,snap 4,6,0.933,4.043,1195.332,111413
3uM,snap 4,7,2.156,5.896,4915.963,458201
3uM,snap 4,8,0.397,2.849,369.705,34459
3uM,snap 4,9,0.472,3.115,398.19,37114
3uM,snap 4,10,1.105,4.758,1026.685,95694
3uM,snap 4,11,1.137,4.31,836.002,77921
3uM,snap 4,12,1.77,5.08,2358.123,219793
3uM,snap 4,13,1.019,4.28,1127.751,105114
3uM,snap 4,14,1.502,5.546,1637.81,152655
3uM,snap 4,15,1.009,4.224,842.654,78541
3uM,snap 4,16,1.266,5.69,1002.975,93484
3uM,snap 4,17,2.264,6.459,2864.449,266986
3uM,snap 4,18,1.523,5.162,1339.999,124897
3uM,snap 4,19,2.478,7.972,1975.629,184142
3uM,snap 5,1,1.899,6.251,4410.732,411110
3uM,snap 5,2,0.89,3.865,1855.949,172987
3uM,snap 5,3,0.601,3.288,1355.942,126383
3uM,snap 5,4,1.094,6.345,2451.432,228490
3uM,snap 5,5,1.084,4.837,2553.699,238022
3uM,snap 5,6,1.051,4.295,2498.145,232844
3uM,snap 5,7,4.57,9.885,12262.588,1142956
3uM,snap 5,8,14.087,15.425,36628.675,3414040
3uM,snap 5,9,1.781,5.769,4690.025,437142
3uM,snap 5,10,0.461,2.723,1178.015,109799
3uM,snap 5,11,4.86,11.081,12161.146,1133501
3uM,snap 5,12,2.242,6.672,5469.464,509791
3uM,snap 5,13,0.483,3.06,1174.561,109477
3uM,snap 5,14,1.363,5.205,3511.28,327275
3uM,snap 5,15,2.06,6.676,4594.667,428254
3uM,snap 5,16,0.536,2.893,1079.192,100588
3uM,snap 5,17,0.397,2.589,875.859,81636
3uM,snap 5,18,0.204,1.91,395.958,36906
3uM,snap 5,19,0.794,3.55,2152.054,200586
3uM,snap 5,20,1.127,4.415,2960,275892
3uM,snap 5,21,1.363,5.522,3250.773,302994
3uM,snap 5,22,4.71,9.645,12304.451,1146858
3uM,snap 5,23,0.687,3.227,1878.587,175097
3uM,snap 5,24,0.376,2.717,821.121,76534
3uM,snap 5,25,0.719,3.249,1968.516,183479
3uM,snap 5,26,0.536,3.657,1375.705,128225
3uM,snap 5,27,1.212,5.052,3117.896,290609
3uM,snap 5,28,3.262,9.224,8272.887,771089
3uM,snap 5,29,1.459,5.482,3739.997,348593
3uM,snap 5,30,0.365,2.53,752.842,70170
3uM,snap 5,31,2.146,5.612,5580.143,520107
3uM,snap 5,32,2.35,6.157,6169.349,575025
3uM,snap 5,33,1.041,4.368,2741.7,255545
3uM,snap 5,34,0.665,3.412,1803.056,168057
3uM,snap 5,35,0.547,3.311,1357.187,126499
3uM,snap 5,36,1.738,6.986,4551.988,424276
3uM,snap 5,37,0.418,2.611,936.606,87298
3uM,snap 5,38,0.429,2.932,1230.512,114692
3uM,snap 5,39,3.337,8.406,8965.402,835636
3uM,snap 5,40,3.337,8.406,8965.402,835636
3uM,snap 5,41,1.352,5.569,3272.274,304998
3uM,snap 5,42,1.727,5.497,3579.966,333677
3uM,snap 5,43,0.815,4.153,1729.124,161166
3uM,snap 5,44,1.148,4.554,2912.654,271479
3uM,snap 5,45,1.899,5.907,5347.348,498409
3uM,snap 5,46,0.955,4.455,2393.507,223091
3uM,snap 5,47,0.912,4.461,2423.043,225844
3uM,snap 5,48,1.674,5.353,4118.854,383905
3uM,snap 5,49,0.408,2.607,1011.59,94287
3uM,snap 5,50,1.137,5.061,2704.3,252059
3uM,snap 5,51,1.663,5.843,4678.094,436030
3uM,snap 5,52,0.933,3.796,2345.141,218583
3uM,snap 5,53,0.3,2.177,625.91,58339
3uM,snap 5,54,0.998,4.613,2306.839,215013
3uM,snap 5,55,0.333,2.307,827.944,77170
3uM,snap 5,56,1.92,6.272,4490.812,418574
3uM,snap 5,57,1.212,4.872,3236.75,301687
3uM,snap 5,58,0.987,4.15,2338.393,217954
3uM,snap 5,59,0.515,3,1462.287,136295
3uM,snap 5,60,0.88,4.096,2066.46,192608
3uM,snap 5,61,1.931,6.497,5347.348,498409
3uM,snap 5,62,0.815,5.114,2347.673,218819
3uM,snap 5,63,0.472,2.973,1077.937,100471
3uM,snap 5,64,1.127,4.277,2729.266,254386
3uM,snap 5,65,0.848,3.445,1966.327,183275
3uM,snap 5,66,1.502,5.614,3916.948,365086
3uM,snap 5,67,1.609,5.773,4354.717,405889
3uM,snap 5,68,0.762,3.607,1934.71,180328
3uM,snap 5,69,1.212,4.674,2781.923,259294
3uM,snap 5,70,0.966,4.003,2459.371,229230
3uM,snap 5,71,1.953,5.664,4716.332,439594
3uM,snap 5,72,1.76,5.184,4668.653,435150
3uM,snap 5,73,0.494,2.735,963.471,89802
3uM,snap 5,74,1.202,4.152,3193.427,297649
3uM,snap 5,75,0.987,4.039,2315.53,215823
3uM,snap 5,76,0.579,3.032,1568.341,146180
3uM,snap 5,77,0.386,2.724,1026.975,95721
3uM,snap 5,78,1.084,4.306,3141.832,292840
3uM,snap 5,79,0.633,3.526,1531.305,142728
3uM,snap 5,80,1.577,5.757,4483.259,417870
3uM,snap 5,81,1.942,5.952,4914.73,458086
3uM,snap 5,82,1.062,4.77,2646.6,246681
3uM,snap 5,83,0.579,3.544,1313.263,122405
3uM,snap 5,84,0.644,3.753,1501.694,139968
3uM,snap 5,85,1.91,6.151,4667.033,434999
3uM,snap 5,86,1.094,4.107,3066.226,285793
3uM,snap 5,87,4.463,9.988,11052.428,1030161
3uM,snap 5,88,2.414,7.497,6445.359,600751
3uM,snap 5,89,2.146,6.716,5121.099,477321
3uM,snap 5,90,0.762,3.585,1991.143,185588
3uM,snap 5,91,3.755,10.69,8986.344,837588
3uM,snap 5,92,0.376,2.54,858.736,80040
3uM,snap 5,93,0.547,3.238,1412.215,131628
3uM,snap 5,94,2.832,8.454,6597.258,614909
3uM,snap 5,95,1.62,6.225,3951.538,368310
3uM,snap 5,96,0.805,5.102,1834.481,170986
3uM,snap 5,97,1.309,6.439,3082.094,287272
3uM,snap 5,98,0.365,2.837,790.565,73686
3uM,snap 6,1,7.027,13.941,18346.331,1710002
3uM,snap 6,2,1.599,5.342,4023.957,375060
3uM,snap 6,3,2.167,6.612,5418.802,505069
3uM,snap 6,4,0.944,4.214,2334.831,217622
3uM,snap 6,5,2.006,6.029,4969.082,463152
3uM,snap 6,6,1.47,5.525,3290.609,306707
3uM,snap 6,7,1.309,5.305,3200.508,298309
3uM,snap 6,8,1.051,4.37,2382.123,222030
3uM,snap 6,9,4.957,13.129,12244.499,1141270
3uM,snap 6,10,0.976,4.02,2283.343,212823
3uM,snap 6,11,1.191,5.118,3164.942,294994
3uM,snap 6,12,0.772,3.993,2044.948,190603
3uM,snap 6,13,0.654,3.423,1525.877,142222
3uM,snap 6,14,0.848,4.674,2440.37,227459
3uM,snap 6,15,0.408,2.728,1318.778,122919
3uM,snap 6,16,0.451,3.186,828.685,77239
3uM,snap 6,17,0.279,2.267,701.462,65381
3uM,snap 6,18,2.114,6.128,5685.103,529890
3uM,snap 6,19,1.727,5.731,4077.441,380045
3uM,snap 6,20,0.429,3.04,979.189,91267
3uM,snap 6,21,0.966,3.869,2124.621,198029
3uM,snap 6,22,0.376,2.493,855.238,79714
3uM,snap 6,23,1.47,5.094,3239.325,301927
3uM,snap 6,24,1.202,4.759,3126.705,291430
3uM,snap 6,25,2.918,6.836,7876.06,734102
3uM,snap 6,26,1.438,4.833,3410.45,317877
3uM,snap 6,27,0.933,4.79,2431.262,226610
3uM,snap 6,28,0.826,4.652,2282.377,212733
3uM,snap 6,29,4.656,10.738,12222.29,1139200
3uM,snap 6,30,1.802,6.105,4503.429,419750
3uM,snap 6,31,3.229,8.998,8186.252,763014
3uM,snap 6,32,1.438,4.873,3358.33,313019
3uM,snap 6,33,6.416,13.271,16528.609,1540578
3uM,snap 6,34,0.944,4.14,2567.625,239320
3uM,snap 6,35,2.661,7.459,6602.526,615400
3uM,snap 6,36,2.553,7.289,6245.728,582144
3uM,snap 6,37,0.998,5.137,2136.165,199105
3uM,snap 6,38,1.684,6.631,3733.613,347998
3uM,snap 6,39,1.459,4.983,3719.065,346642
3uM,snap 6,40,0.451,2.696,898.325,83730
3uM,snap 6,41,0.225,1.95,450.246,41966
3uM,snap 6,42,0.805,3.753,2120.254,197622
3uM,snap 6,43,1.695,7.573,4431.213,413019
3uM,snap 6,44,1.03,4.326,2328.576,217039
3uM,snap 6,45,0.354,2.539,809.63,75463
3uM,snap 6,46,6.201,11.808,14370.235,1339403
3uM,snap 6,47,1.405,5.057,3174.437,295879
3uM,snap 6,48,0.601,3.049,1168.885,108948
3uM,snap 6,49,1.706,4.967,3868.239,360546
3uM,snap 6,50,2.253,6.333,5209.064,485520
3uM,snap 6,51,1.513,5.032,3815.303,355612
3uM,snap 6,52,0.569,3.121,1307.663,121883
3uM,snap 6,53,0.515,3.259,1136.119,105894
3uM,snap 6,54,0.215,1.769,406.204,37861
3uM,snap 6,55,2.253,6.914,5782.295,538949
3uM,snap 6,56,1.245,4.466,2799.507,260933
3uM,snap 6,57,2.95,6.744,7224.691,673390
3uM,snap 6,58,1.395,5.228,3282.198,305923
3uM,snap 6,59,2.275,5.975,6081.855,566870
3uM,snap 6,60,0.923,3.805,2396.221,223344
3uM,snap 6,61,2.832,7.428,7967.448,742620
3uM,snap 6,62,1.566,5.16,4221.336,393457
3uM,snap 6,63,0.547,3.185,1148.372,107036
3uM,snap 6,64,3.004,9.324,8201.755,764459
3uM,snap 6,65,0.687,3.619,1606.6,149746
3uM,snap 6,66,0.558,3.057,1423.094,132642
3uM,snap 6,67,1.051,5.216,2871.369,267631
3uM,snap 6,68,0.225,2.03,530.133,49412
3uM,snap 6,69,0.88,3.969,2274.309,211981
3uM,snap 6,70,0.654,3.401,1344.409,125308
3uM,snap 6,71,0.268,2.208,739.217,68900
3uM,snap 6,72,0.772,5.213,1846.797,172134
3uM,snap 6,73,2.629,7.158,6503.466,606167
3uM,snap 6,74,0.826,3.945,2098.131,195560
3uM,snap 6,75,1.802,5.902,4582.49,427119
3uM,snap 6,76,0.708,3.634,1588.823,148089
3uM,snap 6,77,1.588,5.832,3970.463,370074
3uM,snap 6,78,0.601,3.177,1309.894,122091
3uM,snap 6,79,1.073,4.228,2544.011,237119
3uM,snap 6,80,2.296,6.651,5449.551,507935
3uM,snap 6,81,1.706,5.097,4294.024,400232
3uM,snap 6,82,1.384,5.358,3589.321,334549
3uM,snap 6,83,0.89,4.132,2812.092,262106
3uM,snap 6,84,1.566,6.605,3714.806,346245
3uM,snap 6,85,0.504,2.884,1065.727,99333
3uM,snap 6,86,0.976,4.141,2305.08,214849
3uM,snap 6,87,2.779,8.214,6395.717,596124
3uM,snap 6,88,1.802,5.628,4149.27,386740
3uM,snap 6,89,0.869,4.217,2294.93,213903
3uM,snap 6,90,1.169,5.321,2665.247,248419
3uM,snap 6,91,0.429,2.873,897.199,83625
3uM,snap 6,92,0.3,2.559,602.746,56180
3uM,snap 6,93,0.579,3.244,1817.154,169371
3uM,snap 6,94,0.504,3.205,1034.549,96427
3uM,snap 6,95,2.393,8.362,6423.408,598705
3uM,snap 7,1,2.596,6.869,6390.867,595672
3uM,snap 7,2,2.693,8.191,5675.758,529019
3uM,snap 7,3,2.607,8.031,4635.801,432088
3uM,snap 7,4,1.599,5.6,3291.746,306813
3uM,snap 7,5,0.279,2.565,517.173,48204
3uM,snap 7,6,0.676,3.584,1346.276,125482
3uM,snap 7,7,2.886,9.098,7334.801,683653
3uM,snap 7,8,4.356,10.573,10910.089,1016894
3uM,snap 7,9,1.802,5.986,4444.968,414301
3uM,snap 7,10,1.062,5.021,1890.485,176206
3uM,snap 7,11,2.854,7.462,7664.284,714363
3uM,snap 7,12,6.384,12.153,13732.749,1279985
3uM,snap 7,13,3.262,8.816,8268.735,770702
3uM,snap 7,14,1.255,5.745,3058.298,285054
3uM,snap 7,15,0.783,3.758,1879.07,175142
3uM,snap 7,16,6.598,11.236,16080.186,1498782
3uM,snap 7,17,1.094,5.439,3006.499,280226
3uM,snap 7,18,0.569,3.425,1215.963,113336
3uM,snap 7,19,0.418,2.776,1189.259,110847
3uM,snap 7,20,0.923,3.891,1608.682,149940
3uM,snap 7,21,3.541,8.901,8483.698,790738
3uM,snap 7,22,1.609,6.41,4229.2,394190
3uM,snap 7,23,0.365,2.545,674.415,62860
3uM,snap 7,24,3.444,12.789,7375.367,687434
3uM,snap 7,25,4.839,10.378,10568.976,985100
3uM,snap 7,26,1.255,4.828,3454.524,321985
3uM,snap 7,27,1.094,4.616,2385.149,222312
3uM,snap 7,28,1.009,4.034,2595.466,241915
3uM,snap 7,29,2.468,8.354,5414.747,504691
3uM,snap 7,30,0.622,4.076,1441.998,134404
3uM,snap 7,31,0.558,3.71,1377.958,128435
3uM,snap 7,32,0.408,2.829,1187.114,110647
3uM,snap 7,33,0.311,2.74,807.678,75281
3uM,snap 7,34,2.908,7.784,6459.575,602076
3uM,snap 8,1,0.687,3.577,732.855,68307
3uM,snap 8,2,4.452,8.444,9856.153,918660
3uM,snap 8,3,0.644,3.462,736.588,68655
3uM,snap 8,4,2.736,6.79,5741.923,535186
3uM,snap 8,5,4.334,8.638,11082.308,1032946
3uM,snap 8,6,0.622,3.648,518.171,48297
3uM,snap 8,7,3.701,9.873,7965.882,742474
3uM,snap 8,8,4.216,9.504,9454.411,881215
3uM,snap 8,9,0.966,4.034,1654.226,154185
3uM,snap 8,10,2.339,6.765,2957.479,275657
3uM,snap 8,11,0.279,2.146,254.585,23729
3uM,snap 8,12,0.257,2.147,214.212,19966
3uM,snap 8,13,2.8,6.619,5659.6,527513
3uM,snap 8,14,1.309,4.364,1691.09,157621
3uM,snap 8,15,0.783,3.676,1032.962,96279
3uM,snap 8,16,0.451,2.941,870.109,81100
3uM,snap 8,17,1.652,7.189,1324.679,123469
3uM,snap 8,18,6.351,11.28,13048.571,1216215
3uM,snap 8,19,2.811,8.577,3347.429,312003
3uM,snap 8,20,1.084,4.659,725.559,67627
3uM,snap 8,21,0.644,3.151,771.167,71878
3uM,snap 8,22,0.612,3.017,751.061,70004
3uM,snap 8,23,1.427,4.75,2257.926,210454
3uM,snap 8,24,2.071,6.152,4699.273,438004
3uM,snap 8,25,0.676,3.23,847.149,78960
3uM,snap 8,26,0.461,2.747,505.167,47085
3uM,snap 8,27,6.298,9.918,17315.515,1613923
3uM,snap 8,28,1.041,4.121,941.777,87780
3uM,snap 9,1,8.465,11.839,26763.114,2494503
3uM,snap 9,2,6.695,10.85,23152.807,2157998
3uM,snap 9,3,4.785,9.901,13773.884,1283819
3uM,snap 9,4,1.245,5.076,2602.032,242527
3uM,snap 9,5,2.854,6.668,7695.451,717268
3uM,snap 9,6,1.116,4.645,1878.748,175112
3uM,snap 9,7,2.553,7.06,5980.79,557450
3uM,snap 9,8,1.309,4.799,2288.386,213293
3uM,snap 9,9,2.296,7.436,4694.338,437544
3uM,snap 9,10,1.534,5.678,3337.376,311066
3uM,snap 9,11,5.686,10.891,15835.88,1476011
3uM,snap 9,12,1.76,5.486,3122.295,291019
3uM,snap 9,13,2.532,5.978,5967.765,556236
3uM,snap 9,14,4.517,8.454,14037.877,1308425
3uM,snap 9,15,3.465,7.702,7851.63,731825
3uM,snap 9,16,2.124,6.581,3055.272,284772
3uM,snap 9,17,2.35,6.326,5734.38,534483
3uM,snap 9,18,0.794,3.652,1032.447,96231
3uM,snap 9,19,1.663,5.594,2357.404,219726
3uM,snap 9,20,2.521,6.57,3940.659,367296
3uM,snap 9,21,0.933,4.273,1445.646,134744
3uM,snap 9,22,1.309,4.327,1461.943,136263
3uM,snap 9,23,0.73,3.918,1338.605,124767
3uM,snap 9,24,0.654,3.804,1304.755,121612
3uM,snap 9,25,0.697,3.924,1091.477,101733
3uM,snap 9,26,2.285,6.606,3547.382,330640
3uM,snap 10,1,10.01,14.614,30211.501,2815916
3uM,snap 10,2,7.553,11.195,24166.36,2252468
3uM,snap 10,3,5.922,10.36,14317.353,1334474
3uM,snap 10,4,1.448,5.198,2634.348,245539
3uM,snap 10,5,3.09,7.595,8045.747,749918
3uM,snap 10,6,2.414,7.672,6107.723,569281
3uM,snap 10,7,1.835,5.889,2643.403,246383
3uM,snap 10,8,4.678,10.188,14148.03,1318692
3uM,snap 10,9,2.521,7.779,5892.416,549213
3uM,snap 10,10,5.246,9.847,15780.648,1470863
3uM,snap 10,11,2.918,7.497,6713.258,625721
3uM,snap 10,12,1.738,5.549,2453.996,228729
3uM,snap 10,13,3.058,7.107,4461.125,415807
3uM,snap 10,14,0.494,3.292,922.98,86028
3uM,snap 10,15,1.159,4.654,1708.75,159267
3uM,snap 10,16,0.622,3.554,1037.532,96705
3uM,snap 10,17,2.468,6.95,6036.022,562598
3uM,snap 10,18,1.931,5.797,3479.555,324318
3uM,snap 10,19,0.794,4.18,1607.974,149874
3uM,snap 10,20,0.912,4.536,1197.081,111576
3uM,snap 10,21,0.869,3.834,1425.487,132865
3uM,snap 10,22,0.676,3.649,556.591,51878
3uM,snap 10,23,2.071,6.047,4714.39,439413
3uM,snap 10,24,0.526,3.506,1096.348,102187
3uM,snap 10,25,0.966,4.008,1597.191,148869
3uM,snap 10,26,0.944,3.772,1657.552,154495
3uM,snap 10,27,0.869,4.03,1330.944,124053
3uM,snap 10,28,1.03,4.605,1318.499,122893
3uM,snap 10,29,2.21,6.6,3629.587,338302
3uM,snap 10,30,1.073,4.995,2076.598,193553
3uM,snap 10,31,0.933,4.371,1775.515,165490
3uM,snap 10,32,0.687,3.932,1404.437,130903
3uM,snap 10,33,0.633,4.061,1057.498,98566
3uM,snap 10,34,0.687,3.58,1205.192,112332
3uM,snap 10,35,1.191,4.987,2039.874,190130
3uM,snap 10,36,2.65,6.87,5164.894,481403
3uM,snap 11,1,10.214,12.381,30376.714,2831315
3uM,snap 11,2,3.229,7.812,9110.681,849177
3uM,snap 11,3,2.167,5.509,3299.267,307514
3uM,snap 11,4,7.843,11.78,21709.703,2023491
3uM,snap 11,5,5.965,9.774,13947.691,1300019
3uM,snap 11,6,1.373,5.263,2608.427,243123
3uM,snap 11,7,12.027,16.779,24445.492,2278485
3uM,snap 11,8,5.279,9.615,13638.207,1271173
3uM,snap 11,9,3.337,8.182,6275.854,584952
3uM,snap 11,10,2.725,7.196,4697.417,437831
3uM,snap 11,11,0.858,4.037,2011.238,187461
3uM,snap 11,12,1.931,7.289,4408.168,410871
3uM,snap 11,13,4.023,9.142,7182.366,669445
3uM,snap 11,14,1.556,5.462,3171.798,295633
3uM,snap 11,15,1.191,5.047,2859.267,266503
3uM,snap 11,16,2.414,6.525,6256.832,583179
3uM,snap 11,17,0.944,4.609,1162.823,108383
3uM,snap 11,18,0.751,3.827,1167.566,108825
3uM,snap 11,19,0.794,4.135,1275.895,118922
3uM,snap 11,20,1.738,5.983,2883.493,268761
3uM,snap 11,21,1.191,4.509,1808.463,168561
3uM,snap 11,22,1.642,5.652,3144.246,293065
3uM,snap 11,23,1.137,4.569,1273.642,118712
3uM,snap 11,24,1.03,4.375,1606.547,149741
3uM,snap 11,25,1.18,4.865,1997.859,186214
3uM,snap 11,26,0.88,3.529,1765.709,164576
3uM,snap 11,27,2.221,7.449,3944.092,367616
3uM,snap 11,28,0.622,3.105,896.083,83521
3uM,snap 11,29,0.279,2.236,466.919,43520
3uM,snap 11,30,1.041,4.053,1380.2,128644
3uM,snap 11,31,1.277,4.331,2409.385,224571
5uM,snap 0,1,4.624,10.356,13095.263,1220567
5uM,snap 0,2,1.084,4.609,2466.559,229900
5uM,snap 0,3,0.987,4.549,3085.184,287560
5uM,snap 0,4,1.073,6.536,2712.625,252835
5uM,snap 0,5,3.229,7.858,7696.47,717363
5uM,snap 0,6,1.802,6.074,3673.693,342413
5uM,snap 0,7,4.238,13.296,12484.75,1163663
5uM,snap 0,8,10.536,20.874,30549.932,2847460
5uM,snap 0,9,2.21,7.491,4747.22,442473
5uM,snap 0,10,2.94,8.196,6669.538,621646
5uM,snap 0,11,2.189,6.526,5587.503,520793
5uM,snap 0,12,2.875,9.04,7102.79,662028
5uM,snap 0,13,4.463,12.908,9056.908,844165
5uM,snap 0,14,1.309,5.235,2915.615,271755
5uM,snap 0,15,0.933,4.266,2032.17,189412
5uM,snap 0,16,1.717,5.439,5142.814,479345
5uM,snap 0,17,3.122,10.139,7111.244,662816
5uM,snap 0,18,7.414,13.646,14872.377,1386206
5uM,snap 0,19,1.835,8.293,4627.54,431318
5uM,snap 0,20,3.916,11.641,10579.351,986067
5uM,snap 0,21,3.948,10.997,10141.636,945269
5uM,snap 0,22,6.115,12.078,15711.951,1464460
5uM,snap 0,23,1.373,5.946,2464.038,229665
5uM,snap 0,24,1.245,5.404,3029.394,282360
5uM,snap 0,25,3.186,9.335,9426.312,878596
5uM,snap 0,26,3.38,9.258,8512.452,793418
5uM,snap 0,27,2.178,8.328,5028.037,468647
5uM,snap 0,28,1.652,6.156,2670.622,248920
5uM,snap 0,29,13.744,22.626,32439.913,3023619
5uM,snap 0,30,6.126,13.528,15772.902,1470141
5uM,snap 0,31,4.495,11.094,11633.449,1084316
5uM,snap 0,32,5.193,9.457,12193.043,1136474
5uM,snap 0,33,5.472,10.029,12789.749,1192091
5uM,snap 0,34,7.435,14.166,15942.879,1485984
5uM,snap 0,35,19.044,28.869,31980.128,2980764
5uM,snap 0,36,19.655,25.354,49428.07,4607030
5uM,snap 0,37,2.06,8.159,6158.695,574032
5uM,snap 0,38,2.822,7.53,6654.582,620252
5uM,snap 0,39,4.592,10.87,10760.851,1002984
5uM,snap 0,40,1.352,4.683,3280.835,305796
5uM,snap 0,41,4.259,9.264,13414.435,1250316
5uM,snap 0,42,0.365,2.728,918.946,85652
5uM,snap 0,43,3.272,9.768,8292.414,772909
5uM,snap 0,44,3.38,8.603,4845.765,451658
5uM,snap 0,45,1.985,6.691,4782.797,445789
5uM,snap 0,46,3.24,7.616,8935.136,832815
5uM,snap 0,47,7.993,15.254,20706.267,1929964
5uM,snap 0,48,2.811,7.26,7580.202,706526
5uM,snap 0,49,1.792,5.901,4692.675,437389
5uM,snap 0,50,1.009,4.346,2131.916,198709
5uM,snap 0,51,4.013,9.548,10550.147,983345
5uM,snap 0,52,11.748,15.089,33538.728,3126036
5uM,snap 0,53,4.345,8.559,12477.711,1163007
5uM,snap 0,54,2.35,7.203,3087.866,287810
5uM,snap 0,55,1.266,4.903,4197.003,391189
5uM,snap 0,56,3.347,7.994,8116.01,756467
5uM,snap 0,57,1.845,5.772,4320.041,402657
5uM,snap 0,58,1.094,5.11,2406.596,224311
5uM,snap 0,59,1.438,5.487,3302.69,307833
5uM,snap 0,60,1.802,5.669,3587.691,334397
5uM,snap 0,61,2.189,7.118,5484.152,511160
5uM,snap 0,62,1.255,5.299,2843.356,265020
5uM,snap 0,63,1.18,5.749,3003.141,279913
5uM,snap 0,64,3.133,7.809,6537.938,609380
5uM,snap 0,65,1.867,5.876,4726.074,440502
5uM,snap 0,66,1.695,5.894,5142.632,479328
5uM,snap 0,67,2.081,6.645,5500.878,512719
5uM,snap 0,68,1.416,5.171,3583.249,333983
5uM,snap 0,69,2.317,7.169,5254.34,489740
5uM,snap 0,70,3.047,7.035,7832.619,730053
5uM,snap 0,71,2.532,6.778,6243.399,581927
5uM,snap 0,72,2.714,7.285,5642.306,525901
5uM,snap 0,73,1.009,4.628,1998.568,186280
5uM,snap 0,74,1.416,5.332,3330.059,310384
5uM,snap 0,75,2.489,6.54,7735.813,721030
5uM,snap 0,76,0.74,3.55,1836.444,171169
5uM,snap 0,77,2.21,6.471,7665.721,714497
5uM,snap 0,78,2.757,6.856,7338.878,684033
5uM,snap 0,79,2.736,8.067,7859.023,732514
5uM,snap 0,80,1.127,4.946,2130.554,198582
5uM,snap 0,81,2.071,7.847,5182.629,483056
5uM,snap 0,82,0.987,4.311,2655.58,247518
5uM,snap 0,83,2.5,7.662,7138.324,665340
5uM,snap 0,84,1.094,5.158,2457.354,229042
5uM,snap 0,85,4.667,10.531,13197.219,1230070
5uM,snap 0,86,4.967,9.839,13478.765,1256312
5uM,snap 0,87,3.476,9.273,9492.048,884723
5uM,snap 0,88,3.809,8.244,9871.902,920128
5uM,snap 0,89,2.114,6.63,6336.547,590609
5uM,snap 0,90,3.659,8.743,9399.158,876065
5uM,snap 0,91,4.195,11.19,11420.159,1064436
5uM,snap 0,92,7.478,15.082,19359.348,1804422
5uM,snap 0,93,1.502,4.747,4107.449,382842
5uM,snap 0,94,1.953,5.93,5367.969,500331
5uM,snap 0,95,1.652,5.42,3544.786,330398
5uM,snap 0,96,1.009,4.326,2185.957,203746
5uM,snap 0,97,0.772,3.865,2532.306,236028
5uM,snap 0,98,2.511,6.971,8666.089,807738
5uM,snap 0,99,1.277,4.667,3352.482,312474
5uM,snap 0,100,0.858,4.081,2693.796,251080
5uM,snap 0,101,2.843,9.697,7875.202,734022
5uM,snap 0,102,1.985,7.692,4514.78,420808
5uM,snap 0,103,1.953,5.614,4498.547,419295
5uM,snap 0,104,2.038,6.365,5141.151,479190
5uM,snap 0,105,1.051,4.84,2538.357,236592
5uM,snap 0,106,0.966,4.337,2105.416,196239
5uM,snap 0,107,9.634,14.772,26307.063,2451996
5uM,snap 1,1,0.73,3.3,872.04,81280
5uM,snap 1,2,0.73,3.473,1085.211,101149
5uM,snap 1,3,1.352,5.585,2098.024,195550
5uM,snap 1,4,8.873,16.807,14040.484,1308668
5uM,snap 1,5,0.558,3.252,1028.874,95898
5uM,snap 1,6,0.558,2.967,928.828,86573
5uM,snap 1,7,0.998,3.949,2320.089,216248
5uM,snap 1,8,2.189,8.716,3090.549,288060
5uM,snap 1,9,1.202,4.328,2568.054,239360
5uM,snap 1,10,13.239,25.259,24528.962,2286265
5uM,snap 1,11,2.275,7.103,4808.149,448152
5uM,snap 1,12,0.3,2.425,617.005,57509
5uM,snap 1,13,1.094,4.724,1454.229,135544
5uM,snap 1,14,7.929,10.667,22220.203,2071073
5uM,snap 1,15,0.429,3.231,776.414,72367
5uM,snap 1,16,1.706,6.257,2806.996,261631
5uM,snap 1,17,2.264,7.253,3995.869,372442
5uM,snap 1,18,1.287,5.253,2350.388,219072
5uM,snap 1,19,0.687,3.66,1188.476,110774
5uM,snap 1,20,6.233,9.901,16319.708,1521107
5uM,snap 1,21,0.848,5.064,1656.758,154421
5uM,snap 1,22,0.912,4.35,2150.96,200484
5uM,snap 1,23,4.86,11.658,12201.498,1137262
5uM,snap 1,24,4.914,12.772,7566.158,705217
5uM,snap 1,25,0.719,4.064,1588.962,148102
5uM,snap 1,26,1.245,5.902,2829.988,263774
5uM,snap 1,27,0.418,2.864,994.692,92712
5uM,snap 1,28,1.051,4.044,1627.007,151648
5uM,snap 1,29,8.894,12.056,25561.28,2382484
5uM,snap 1,30,0.569,3.581,997.256,92951
5uM,snap 1,31,1.32,5.385,2485.904,231703
5uM,snap 1,32,0.547,2.794,1047.424,97627
5uM,snap 1,33,0.257,2.269,599.999,55924
5uM,snap 1,34,1.792,6.039,4452.971,415047
5uM,snap 1,35,1.931,6.79,4055.994,378046
5uM,snap 1,36,0.858,4.18,1396.766,130188
5uM,snap 1,37,0.3,2.15,407.953,38024
5uM,snap 1,38,0.633,3.016,1160.892,108203
5uM,snap 1,39,3.98,8.027,9164.025,854149
5uM,snap 1,40,1.985,6.079,3833.66,357323
5uM,snap 1,41,0.697,3.273,1385.264,129116
5uM,snap 1,42,0.633,3.053,1425.508,132867
5uM,snap 1,43,0.29,2.276,618.507,57649
5uM,snap 1,44,0.976,3.752,1892.867,176428
5uM,snap 1,45,2.006,5.52,3371.483,314245
5uM,snap 1,46,0.665,3.619,1068.399,99582
5uM,snap 1,47,0.579,2.99,1169.883,109041
5uM,snap 1,48,13.422,23.191,22212.306,2070337
5uM,snap 1,49,1.749,6.127,2340.796,218178
5uM,snap 1,50,1.942,6.16,4268.457,397849
5uM,snap 1,51,0.322,2.075,569.1,53044
5uM,snap 1,52,3.551,9.016,6587.945,614041
5uM,snap 1,53,0.547,2.979,992.879,92543
5uM,snap 1,54,1.824,5.262,4001.985,373012
5uM,snap 1,55,1.427,5.344,1849.651,172400
5uM,snap 1,56,0.805,3.865,974.715,90850
5uM,snap 1,57,0.569,3.033,845.271,78785
5uM,snap 1,58,1.373,5.676,1575.422,146840
5uM,snap 1,59,7.242,14.001,13526.369,1260749
5uM,snap 1,60,13.4,16.659,33455.805,3118307
5uM,snap 1,61,0.451,2.964,828.32,77205
5uM,snap 1,62,12.231,15.843,29468.508,2746664
5uM,snap 1,63,1.03,4.795,1857.473,173129
5uM,snap 1,64,0.719,3.591,1210.009,112781
5uM,snap 1,65,0.772,3.419,1590.968,148289
5uM,snap 1,66,0.622,3.378,956.208,89125
5uM,snap 1,67,1.062,4.599,1723.255,160619
5uM,snap 1,68,3.787,9.461,6201.793,578049
5uM,snap 1,69,2.918,8.106,4398.147,409937
5uM,snap 1,70,1.234,5.145,1960.555,182737
5uM,snap 1,71,0.687,3.059,1517.047,141399
5uM,snap 1,72,0.74,3.677,1665.512,155237
5uM,snap 1,73,0.933,4.502,1159.948,108115
5uM,snap 1,74,0.44,3.342,1072.036,99921
5uM,snap 1,75,0.912,3.711,1603.274,149436
5uM,snap 1,76,0.354,2.372,651.916,60763
5uM,snap 2,1,1.352,5.22,2948.037,274777
5uM,snap 2,2,19.001,17.907,67939.088,6332382
5uM,snap 2,3,5.579,9.756,17251.947,1607998
5uM,snap 2,4,0.461,3.031,1132.965,105600
5uM,snap 2,5,2.382,6.56,5988.128,558134
5uM,snap 2,6,1.609,5.447,2812.704,262163
5uM,snap 2,7,1.255,4.355,1730.808,161323
5uM,snap 2,8,9.12,12.011,26656.512,2484567
5uM,snap 2,9,1.663,4.979,2700.394,251695
5uM,snap 2,10,1.749,5.478,2568.172,239371
5uM,snap 2,11,1.781,5.437,3539.776,329931
5uM,snap 2,12,2.779,6.384,7034.951,655705
5uM,snap 2,13,12.091,17.553,32525.078,3031557
5uM,snap 2,14,8.186,11.007,22628.671,2109145
5uM,snap 2,15,2.5,6.389,5894.766,549432
5uM,snap 2,16,2.21,6.183,6040.313,562998
5uM,snap 2,17,1.749,4.997,3885.577,362162
5uM,snap 2,18,2.543,6.324,6538.614,609443
5uM,snap 2,19,22.584,22.07,70743.628,6593784
5uM,snap 2,20,7.231,10.632,21154.947,1971784
5uM,snap 2,21,3.047,9.173,6170.261,575110
5uM,snap 2,22,3.744,8.158,9589.477,893804
5uM,snap 2,23,3.283,7.377,8553.146,797211
5uM,snap 2,24,7.349,10.686,22952.95,2139370
5uM,snap 2,25,1.76,5.444,3860.203,359797
5uM,snap 2,26,0.386,2.522,469.505,43761
5uM,snap 2,27,1.802,5.393,2529.795,235794
5uM,snap 2,28,3.38,7.407,9453.242,881106
5uM,snap 2,29,1.33,5.26,3033.181,282713
5uM,snap 2,30,1.019,4.431,1572.225,146542
5uM,snap 2,31,3.487,7.52,9082.893,846587
5uM,snap 2,32,0.612,3.581,831.528,77504
5uM,snap 2,33,1.556,4.602,3126.426,291404
5uM,snap 2,34,0.858,3.402,1455.227,135637
5uM,snap 2,35,3.626,7.506,9479.141,883520
5uM,snap 2,36,1.212,4.139,1449.015,135058
5uM,snap 2,37,4.356,9.15,12075.176,1125488
5uM,snap 2,38,3.605,7.181,9584.144,893307
5uM,snap 2,39,1.985,5.71,4376.829,407950
5uM,snap 2,40,0.73,3.917,1026.213,95650
5uM,snap 2,41,0.44,2.67,597.843,55723
5uM,snap 2,42,3.122,8.337,5639.366,525627
5uM,snap 2,43,2.704,6.468,5114.747,476729
5uM,snap 2,44,3.026,8.349,4622.39,430838
5uM,snap 2,45,1.202,4.645,1341.298,125018
5uM,snap 2,46,11.458,16.816,30519.698,2844642
5uM,snap 2,47,2.242,6.797,3159.288,294467
5uM,snap 2,48,1.169,5.011,1544.276,143937
5uM,snap 2,49,0.665,3.741,952.646,88793
5uM,snap 2,50,2.425,7.01,2973.669,277166
5uM,snap 2,51,0.429,2.829,462.456,43104
5uM,snap 2,52,1.009,4.363,1382.99,128904
5uM,snap 2,53,3.09,7.025,5848.428,545113
5uM,snap 2,54,1.599,5.905,4531.732,422388
5uM,snap 2,55,0.504,3.415,945.457,88123
5uM,snap 2,56,1.384,5.222,2706.006,252218
5uM,snap 2,57,0.612,3.128,861.568,80304
5uM,snap 2,58,1.62,4.885,2630.013,245135
5uM,snap 2,59,1.159,4.242,1457.609,135859
5uM,snap 2,60,1.094,4.458,917.305,85499
5uM,snap 2,61,5.472,9.637,14216.695,1325092
5uM,snap 2,62,3.573,7.472,7494.586,698546
5uM,snap 2,63,1.556,6.356,3139.815,292652
5uM,snap 2,64,1.212,4.946,2160.616,201384
5uM,snap 2,65,1.202,4.749,2631.011,245228
5uM,snap 2,66,2.038,5.593,4140.344,385908
5uM,snap 2,67,9.098,14.482,24380.465,2272424
5uM,snap 2,68,2.371,5.925,6020.079,561112
5uM,snap 2,69,0.772,3.514,940.415,87653
5uM,snap 2,70,3.97,8.639,13608.069,1268364
5uM,snap 2,71,5.6,10.166,14781.235,1377711
5uM,snap 2,72,1.502,4.959,1876.452,174898
5uM,snap 2,73,3.519,7.238,9266.807,863729
5uM,snap 2,74,3.991,8.3,7375.785,687473
5uM,snap 2,75,4.216,9.437,11279.987,1051371
5uM,snap 2,76,21.136,17.951,74888.059,6980073
5uM,snap 2,77,1.513,5.293,3441.51,320772
5uM,snap 2,78,4.002,9.85,8999.187,838785
5uM,snap 2,79,12.317,13.773,39407.412,3673037
5uM,snap 2,80,2.328,6.437,5145.485,479594
5uM,snap 2,81,2.017,6.517,4446.137,414410
5uM,snap 2,82,6.856,11.092,18535.373,1727622
5uM,snap 2,83,3.712,7.821,9937.187,926213
5uM,snap 2,84,1.105,4.955,1351.608,125979
5uM,snap 2,85,2.264,6.226,3154.675,294037
5uM,snap 2,86,2.114,6.845,2666.073,248496
5uM,snap 2,87,4.431,7.759,13024.249,1213948
5uM,snap 2,88,1.073,4.595,2634.734,245575
5uM,snap 2,89,1.588,5.628,3702.832,345129
5uM,snap 2,90,1.277,5.223,2352.791,219296
5uM,snap 2,91,0.805,4.089,1138.533,106119
5uM,snap 2,92,0.687,3.854,864.058,80536
5uM,snap 2,93,1.202,4.299,1736.012,161808
5uM,snap 2,94,2.929,8.392,7122.434,663859
5uM,snap 2,95,1.094,4.299,2110.716,196733
5uM,snap 2,96,1.009,4.707,1636.845,152565
5uM,snap 2,97,0.601,3.133,1196.308,111504
5uM,snap 2,98,4.635,10.84,10847.476,1011058
5uM,snap 2,99,1.888,5.052,4009.913,373751
5uM,snap 2,100,0.837,3.671,830.444,77403
5uM,snap 2,101,2.468,7.558,5755.913,536490
5uM,snap 2,102,1.363,4.61,1951.532,181896
5uM,snap 2,103,1.974,6.281,2354.261,219433
5uM,snap 2,104,12.832,16.886,37151.878,3462806
5uM,snap 2,105,1.942,6.134,4064.62,378850
5uM,snap 2,106,8.1,12.495,25739.561,2399101
5uM,snap 2,107,2.339,6.332,4207.195,392139
5uM,snap 2,108,5.354,9.16,17556.217,1636358
5uM,snap 2,109,1.502,5.121,2323.898,216603
5uM,snap 2,110,2.264,6.024,4586.105,427456
5uM,snap 2,111,1.116,4.873,2442.538,227661
5uM,snap 2,112,8.851,13.08,28034.459,2613001
5uM,snap 2,113,2.972,7.299,9906.009,923307
5uM,snap 2,114,1.169,4.117,2396.522,223372
5uM,snap 2,115,1.835,5.559,2982.048,277947
5uM,snap 2,116,7.092,10.996,20530.926,1913621
5uM,snap 2,117,3.347,7.91,7498.137,698877
5uM,snap 2,118,0.526,3.158,745.536,69489
5uM,snap 2,119,2.446,8.003,5457.823,508706
5uM,snap 2,120,0.783,3.332,999.413,93152
5uM,snap 2,121,1.405,4.751,2126.981,198249
5uM,snap 2,122,1.684,5.456,3064.66,285647
5uM,snap 2,123,1.642,5.564,3378.392,314889
5uM,snap 2,124,0.794,4.21,1017.78,94864
5uM,snap 2,125,0.472,2.985,580.012,54061
5uM,snap 2,126,1.545,5.159,2687.477,250491
5uM,snap 2,127,0.848,3.987,1662.594,154965
5uM,snap 2,128,1.556,4.947,1942.67,181070
5uM,snap 2,129,0.955,3.949,965.381,89980
5uM,snap 2,130,0.74,3.803,893.755,83304
5uM,snap 2,131,5.59,10.382,12143.283,1131836
5uM,snap 2,132,1.556,5.613,2122.325,197815
5uM,snap 2,133,1.92,6.137,2356.718,219662
5uM,snap 2,134,3.262,7.998,3635.091,338815
5uM,snap 2,135,1.03,3.873,1454.691,135587
5uM,snap 2,136,0.794,3.423,1072.251,99941
5uM,snap 2,137,0.408,2.342,254.692,23739
5uM,snap 2,138,0.772,3.509,648.108,60408
5uM,snap 2,139,0.676,3.609,770.942,71857
5uM,snap 2,140,1.899,5.894,1576.978,146985
5uM,snap 2,141,1.202,5.73,1695.821,158062
5uM,snap 3,1,4.538,8.696,11281.983,1051557
5uM,snap 3,2,1.652,5.545,3553.112,331174
5uM,snap 3,3,3.98,8.741,8525.348,794620
5uM,snap 3,4,2.918,7.558,7714.312,719026
5uM,snap 3,5,1.373,4.676,2517.35,234634
5uM,snap 3,6,1.266,4.782,3580.545,333731
5uM,snap 3,7,1.191,5.043,1588.78,148085
5uM,snap 3,8,1.148,4.637,2609.307,243205
5uM,snap 3,9,0.697,3.451,1218.828,113603
5uM,snap 3,10,1.899,6.366,4475.266,417125
5uM,snap 3,11,2.017,5.761,6459.21,602042
5uM,snap 3,12,1.674,5.828,4101.988,382333
5uM,snap 3,13,1.792,6.023,3226.408,300723
5uM,snap 3,14,2.071,6.197,5435.69,506643
5uM,snap 3,15,0.815,3.812,1320.559,123085
5uM,snap 3,16,0.644,3.482,1506.082,140377
5uM,snap 3,17,1.309,4.832,2616.227,243850
5uM,snap 3,18,1.556,4.864,2908.534,271095
5uM,snap 3,19,1.953,5.788,2720.672,253585
5uM,snap 3,20,1.298,4.693,2080.203,193889
5uM,snap 3,21,1.599,6.051,2485.646,231679
5uM,snap 3,22,4.002,8.541,8295.536,773200
5uM,snap 3,23,5.794,12.094,12445.654,1160019
5uM,snap 3,24,1.706,4.708,3934.801,366750
5uM,snap 3,25,2.114,5.671,5427.16,505848
5uM,snap 3,26,0.73,3.771,1415.53,131937
5uM,snap 3,27,0.579,3.541,959.93,89472
5uM,snap 3,28,1.792,5.89,3745.308,349088
5uM,snap 3,29,0.751,3.303,1553.192,144768
5uM,snap 3,30,0.558,3.392,888.047,82772
5uM,snap 3,31,1.749,5.881,4117.116,383743
5uM,snap 3,32,0.654,3.861,702.76,65502
5uM,snap 3,33,3.787,8.337,9845.81,917696
5uM,snap 3,34,4.227,8.586,10473.779,976227
5uM,snap 3,35,1.502,4.694,3244.421,302402
5uM,snap 3,36,1.566,5.247,3143.163,292964
5uM,snap 3,37,0.837,4.207,2137.109,199193
5uM,snap 3,38,1.159,5.216,2085.761,194407
5uM,snap 3,39,1.749,6.253,2827.51,263543
5uM,snap 3,40,0.955,4.753,1527.368,142361
5uM,snap 3,41,1.223,4.412,2773.951,258551
5uM,snap 3,42,3.133,8.349,8031.403,748581
5uM,snap 3,43,0.579,2.985,1194.098,111298
5uM,snap 3,44,0.944,4.612,1564.425,145815
5uM,snap 3,45,2.242,7.002,4276.664,398614
5uM,snap 3,46,1.169,4.398,2616.559,243881
5uM,snap 3,47,0.494,2.855,757.67,70620
5uM,snap 3,48,0.268,2.256,497.754,46394
5uM,snap 3,49,0.494,3.537,590.14,55005
5uM,snap 3,50,0.622,3.588,1069.418,99677
5uM,snap 3,51,2.929,7.272,6371.105,593830
5uM,snap 3,52,4.689,10.127,9668.838,901201
5uM,snap 3,53,0.612,3.406,991.752,92438
5uM,snap 3,54,0.547,3.174,1071.092,99833
5uM,snap 3,55,0.644,3.074,1256.379,117103
5uM,snap 3,56,0.451,2.717,833.244,77664
5uM,snap 3,57,0.59,3.612,579.121,53978
5uM,snap 3,58,0.815,4.027,648.108,60408
5uM,snap 3,59,1.127,4.808,1706.475,159055
5uM,snap 3,60,1.384,4.27,2284.105,212894
5uM,snap 3,61,0.612,3.49,874.54,81513
5uM,snap 3,62,2.328,6.92,2856.445,266240
5uM,snap 3,63,2.36,6.533,3516.043,327719
5uM,snap 3,64,4.302,8.792,11308.397,1054019
5uM,snap 3,65,2.178,5.8,3961.14,369205
5uM,snap 3,66,5.633,11.723,13034.796,1214931
5uM,snap 3,67,1.33,5.134,2146.98,200113
5uM,snap 3,68,1.599,5.512,2606.388,242933
5uM,snap 3,69,0.912,4.151,1429.414,133231
5uM,snap 3,70,1.094,3.939,1769.507,164930
5uM,snap 3,71,0.526,3.095,1267.644,118153
5uM,snap 3,72,0.73,4.018,1075.662,100259
5uM,snap 3,73,0.794,3.897,724.304,67510
5uM,snap 3,74,1.019,4.337,2190.496,204169
5uM,snap 3,75,0.708,3.913,1079.117,100581
5uM,snap 3,76,1.32,4.686,2196.15,204696
5uM,snap 3,77,1.094,4.034,1871.463,174433
5uM,snap 3,78,0.783,3.443,1188.83,110807
5uM,snap 3,79,0.526,2.803,992.042,92465
5uM,snap 3,80,0.687,3.625,951.712,88706
5uM,snap 3,81,1.03,4.705,1894.337,176565
5uM,snap 3,82,0.869,3.752,1255.971,117065
5uM,snap 3,83,4.624,12.54,6270.844,584485
5uM,snap 3,84,0.923,4.183,1574.113,146718
5uM,snap 3,85,1.009,4.503,2492.952,232360
5uM,snap 3,86,2.575,6.602,4338.881,404413
5uM,snap 3,87,1.255,4.32,2208.381,205836
5uM,snap 3,88,1.663,5.129,3707.285,345544
5uM,snap 3,89,2.35,6.345,5626.395,524418
5uM,snap 3,90,2.049,6.653,4720.838,440014
5uM,snap 3,91,0.644,3.203,752.617,70149
5uM,snap 3,92,0.612,2.907,736.535,68650
5uM,snap 3,93,1.513,6.078,2551.821,237847
5uM,snap 3,94,1.427,5.218,2279.17,212434
5uM,snap 3,95,0.987,4.524,1622.704,151247
5uM,snap 3,96,1.706,5.576,2198.22,204889
5uM,snap 3,97,0.483,3.502,923.806,86105
5uM,snap 3,98,2.028,6.075,4523.352,421607
5uM,snap 3,99,1.674,6.4,2587.945,241214
5uM,snap 3,100,1.266,4.367,3103.273,289246
5uM,snap 3,101,0.912,4.174,1877.364,174983
5uM,snap 3,102,0.837,4.379,1037.21,96675
5uM,snap 3,103,0.815,4.074,1543.697,143883
5uM,snap 3,104,0.805,3.797,1472.383,137236
5uM,snap 3,105,1.062,4.156,1235.082,115118
5uM,snap 3,106,1.084,4.27,1506.329,140400
5uM,snap 3,107,0.504,2.746,853.726,79573
5uM,snap 3,108,0.579,2.901,823.953,76798
5uM,snap 3,109,0.526,2.772,659.823,61500
5uM,snap 3,110,0.697,3.755,886.341,82613
5uM,snap 3,111,0.89,4.502,1727.761,161039
5uM,snap 3,112,2.092,6.719,3323.697,309791
5uM,snap 3,113,0.676,4.33,1359.74,126737
5uM,snap 3,114,0.633,3.192,1093.547,101926
5uM,snap 3,115,1.395,5.854,2425.253,226050
5uM,snap 3,116,2.564,6.26,5801.768,540764
5uM,snap 3,117,1.255,4.807,2650.763,247069
5uM,snap 3,118,1.438,5.582,2984.129,278141
5uM,snap 3,119,0.912,4.221,1136.559,105935
5uM,snap 3,120,0.622,3.406,1235.758,115181
5uM,snap 3,121,0.622,3.42,918.592,85619
5uM,snap 3,122,1.556,5.064,3310.758,308585
5uM,snap 3,123,1.438,5.059,3246.245,302572
5uM,snap 3,124,0.644,3.777,684.06,63759
5uM,snap 3,125,1.223,4.77,1984.084,184930
5uM,snap 3,126,0.59,3.705,554.069,51643
5uM,snap 3,127,0.547,3.455,1163.853,108479
5uM,snap 3,128,0.633,3.316,727.329,67792
5uM,snap 3,129,1.405,5.339,1654.623,154222
5uM,snap 3,130,0.944,3.881,1357.026,126484
5uM,snap 3,131,0.451,2.935,634.793,59167
5uM,snap 3,132,2.135,5.886,3730.47,347705
5uM,snap 3,133,0.526,3.021,753.4,70222
5uM,snap 3,134,1.223,4.771,2572.732,239796
5uM,snap 3,135,1.695,5.867,3807.728,354906
5uM,snap 3,136,0.805,4.328,1124.039,104768
5uM,snap 3,137,1.556,4.68,1780.633,165967
5uM,snap 3,138,2.446,7.098,5019.057,467810
5uM,snap 3,139,1.566,5.863,3545.687,330482
5uM,snap 3,140,0.311,2.329,823.46,76752
5uM,snap 3,141,2.038,6.347,5057.509,471394
5uM,snap 3,142,0.858,4.093,1806.854,168411
5uM,snap 3,143,0.59,3.175,755.299,70399
5uM,snap 3,144,0.762,3.816,776.06,72334
5uM,snap 3,145,0.719,3.543,910.352,84851
5uM,snap 3,146,0.526,2.858,764.043,71214
5uM,snap 3,147,2.564,6.896,4907.144,457379
5uM,snap 3,148,0.579,2.799,699.681,65215
5uM,snap 3,149,0.612,3.48,1009.669,94108
5uM,snap 3,150,2.21,6.241,3762.463,350687
5uM,snap 3,151,0.697,4.997,1004.09,93588
5uM,snap 3,152,0.558,3.569,754.87,70359
5uM,snap 3,153,1.127,4.45,1488.304,138720
5uM,snap 3,154,2.875,7.473,3549.592,330846
5uM,snap 3,155,1.448,4.8,2388.593,222633
5uM,snap 3,156,1.116,4.559,1729.038,161158
5uM,snap 3,157,2.478,7.01,4469.161,416556
5uM,snap 3,158,1.041,3.657,1147.717,106975
5uM,snap 3,159,1.073,4.131,1090.178,101612
5uM,snap 3,160,1.073,4.615,1178.412,109836
5uM,snap 3,161,1.287,5.125,1060.857,98879
5uM,snap 3,162,6.266,9.942,17150.044,1598500
5uM,snap 3,163,1.985,6.467,3406.373,317497
5uM,snap 3,164,1.62,5.487,2168.137,202085
5uM,snap 3,165,1.18,4.685,2073.036,193221
5uM,snap 3,166,3.111,7.81,7574.741,706017
5uM,snap 3,167,0.858,4.361,1437.246,133961
5uM,snap 3,168,0.483,4.486,811.046,75595
5uM,snap 3,169,0.923,3.583,822.87,76697
5uM,snap 3,170,1.974,6.402,4872.179,454120
5uM,snap 3,171,0.612,3.294,688.834,64204
5uM,snap 3,172,1.191,4.644,1960.115,182696
5uM,snap 3,173,0.719,4.126,1311.836,122272
5uM,snap 3,174,0.783,3.915,1333.798,124319
5uM,snap 3,175,2.714,7.343,5772.865,538070
5uM,snap 3,176,1.137,4.234,2157.601,201103
5uM,snap 3,177,1.223,5.159,1732.525,161483
5uM,snap 3,178,0.848,3.931,1930.665,179951
5uM,snap 3,179,1.545,5.396,3441.027,320727
5uM,snap 3,180,0.901,3.772,1475.794,137554
5uM,snap 3,181,1.717,6.084,2524.667,235316
5uM,snap 3,182,1.009,4.196,1735.582,161768
5uM,snap 3,183,0.955,3.994,1203.829,112205
5uM,snap 3,184,1.706,5.548,2736.819,255090
5uM,snap 3,185,3.562,7.694,6333.232,590300
5uM,snap 3,186,2.607,6.464,5635.954,525309
5uM,snap 3,187,1.363,5.316,1870.916,174382
5uM,snap 3,188,1.448,5.181,1955.824,182296
5uM,snap 3,189,1.835,5.713,3275.589,305307
5uM,snap 3,190,1.255,4.696,2182.589,203432
5uM,snap 3,191,1.448,4.735,2826.898,263486
5uM,snap 3,192,1.18,4.486,949.566,88506
5uM,snap 3,193,1.18,4.72,2541.028,236841
5uM,snap 3,194,0.708,4.387,929.16,86604
5uM,snap 3,195,1.18,4.757,1518.023,141490
5uM,snap 3,196,1.212,3.988,1810.781,168777
5uM,snap 3,197,0.805,3.487,1104.941,102988
5uM,snap 3,198,0.815,4.524,1115.949,104014
5uM,snap 3,199,1.137,4.942,1223.28,114018
5uM,snap 3,200,0.644,3.828,671.539,62592
5uM,snap 3,201,0.987,4.44,1256.39,117104
5uM,snap 3,202,0.987,4.898,1091.917,101774
5uM,snap 3,203,1.159,4.617,2196.525,204731
5uM,snap 3,204,1.384,4.886,1622.232,151203
5uM,snap 3,205,0.815,5.221,1261.067,117540
5uM,snap 3,206,0.633,4.041,755.407,70409
5uM,snap 3,207,0.837,3.877,1182.532,110220
5uM,snap 3,208,0.933,4.015,965.059,89950
5uM,snap 3,209,0.762,4.013,932.593,86924
5uM,snap 3,210,1.255,5.599,1184.753,110427
5uM,snap 4,1,3.701,8.725,8840.529,823997
5uM,snap 4,2,0.848,3.739,1474.657,137448
5uM,snap 4,3,0.987,4.462,1592.782,148458
5uM,snap 4,4,4.377,10.355,8096.323,754632
5uM,snap 4,5,0.451,2.752,590.043,54996
5uM,snap 4,6,4.056,10.165,8443.884,787027
5uM,snap 4,7,6.974,15.586,18257.926,1701762
5uM,snap 4,8,0.73,4.32,674.64,62881
5uM,snap 4,9,8.304,16.376,20554.433,1915812
5uM,snap 4,10,0.547,3.269,928.795,86570
5uM,snap 4,11,5.686,10.886,14859.416,1384998
5uM,snap 4,12,2.65,7.462,5106.229,475935
5uM,snap 4,13,0.225,2.227,340.05,31695
5uM,snap 4,14,0.966,5.173,1195.664,111444
5uM,snap 4,15,0.762,3.666,1383.355,128938
5uM,snap 4,16,3.916,11.602,7462.163,695524
5uM,snap 4,17,0.901,4.657,794.91,74091
5uM,snap 4,18,0.311,2.219,386.378,36013
5uM,snap 4,19,0.526,3.281,732.855,68307
5uM,snap 4,20,1.352,4.844,2993.174,278984
5uM,snap 4,21,1.127,5.33,938.548,87479
5uM,snap 4,22,0.354,2.596,614.43,57269
5uM,snap 4,23,0.73,4.069,952.388,88769
5uM,snap 4,24,0.794,3.882,485.19,45223
5uM,snap 4,25,0.783,3.65,660.875,61598
5uM,snap 4,26,1.18,6.384,664.051,61894
5uM,snap 5,1,2.993,7.079,8596.78,801278
5uM,snap 5,2,1.427,5.211,3393.574,316304
5uM,snap 5,3,0.944,4.771,1294.895,120693
5uM,snap 5,4,1.695,5.518,4118.242,383848
5uM,snap 5,5,0.697,3.024,1066.275,99384
5uM,snap 5,6,1.309,4.778,2706.596,252273
5uM,snap 5,7,1.373,5.409,2839.944,264702
5uM,snap 5,8,1.727,6.389,3543.788,330305
5uM,snap 5,9,0.858,4.55,1237.925,115383
5uM,snap 5,10,1.019,4.36,2941.858,274201
5uM,snap 5,11,3.68,9.433,4988.512,464963
5uM,snap 5,12,0.73,3.52,1156.461,107790
5uM,snap 5,13,0.687,3.547,989.102,92191
5uM,snap 5,14,6.233,11.98,10681.908,995626
5uM,snap 5,15,2.156,6.58,2755.337,256816
5uM,snap 5,16,1.534,5.591,3129.945,291732
5uM,snap 5,17,1.867,5.74,2573.29,239848
5uM,snap 5,18,5.836,11.529,14957.36,1394127
5uM,snap 5,19,0.89,4.27,1728.716,161128
5uM,snap 5,20,3.39,7.687,7157.249,667104
5uM,snap 5,21,1.577,5.54,3575.374,333249
5uM,snap 5,22,2.832,6.167,4570.312,425984
5uM,snap 5,23,13.207,18.527,37655.575,3509754
5uM,snap 5,24,2.8,6.502,6132.152,571558
5uM,snap 5,25,3.53,7.655,8087.032,753766
5uM,snap 5,26,6.298,10.035,18381.886,1713316
5uM,snap 5,27,4.86,9.642,12107.32,1128484
5uM,snap 5,28,8.079,14.923,10227.832,953303
5uM,snap 5,29,14.087,17.468,23938.49,2231229
5uM,snap 5,30,1.963,6.069,3695.869,344480
5uM,snap 5,31,0.966,4.984,1004.734,93648
5uM,snap 5,32,26.972,27.072,31424.729,2928997
5uM,snap 5,33,3.144,7.246,6764.907,630535
5uM,snap 5,34,5.289,12.211,6779.97,631939
5uM,snap 6,1,0.944,4.829,1999.029,186323
5uM,snap 6,2,0.869,3.954,2495.635,232610
5uM,snap 6,3,0.794,3.837,1704.941,158912
5uM,snap 6,4,0.74,3.708,1412.129,131620
5uM,snap 6,5,1.32,4.904,3335.456,310887
5uM,snap 6,6,1.899,6.37,3904.899,363963
5uM,snap 6,7,1.245,5.396,1646.479,153463
5uM,snap 6,8,1.395,4.52,2485.979,231710
5uM,snap 6,9,0.386,2.523,678.127,63206
5uM,snap 6,10,0.622,3.153,788.258,73471
5uM,snap 6,11,1.674,5.696,3530.806,329095
5uM,snap 6,12,0.805,4.166,1554.061,144849
5uM,snap 6,13,0.386,2.954,622.884,58057
5uM,snap 6,14,0.89,3.813,867.695,80875
5uM,snap 6,15,0.89,3.992,1620.258,151019
5uM,snap 6,16,0.987,4.302,1613.767,150414
5uM,snap 6,17,0.966,3.87,1439.434,134165
5uM,snap 6,18,1.094,4.525,2059.969,192003
5uM,snap 6,19,0.73,3.202,929.697,86654
5uM,snap 6,20,1.191,4.146,1557.14,145136
5uM,snap 6,21,0.923,4.111,1263.406,117758
5uM,snap 6,22,1.867,6.13,4185.222,390091
5uM,snap 6,23,0.44,2.671,1094.245,101991
5uM,snap 6,24,0.215,2.011,365.928,34107
5uM,snap 6,25,0.923,3.915,1740.464,162223
5uM,snap 6,26,1.953,5.912,4604.967,429214
5uM,snap 6,27,0.751,3.156,1114.63,103891
5uM,snap 6,28,1.255,4.551,2926.998,272816
5uM,snap 6,29,1.931,7.981,3493.148,325585
5uM,snap 6,30,1.073,4.138,2404.386,224105
5uM,snap 6,31,1.792,5.58,4426.922,412619
5uM,snap 6,32,2.543,7.954,4000.204,372846
5uM,snap 6,33,1.416,4.659,3825.324,356546
5uM,snap 6,34,1.051,4.603,2207.844,205786
5uM,snap 6,35,0.483,3.106,901.244,84002
5uM,snap 6,36,0.322,2.571,447.671,41726
5uM,snap 6,37,1.684,5.835,3725.975,347286
5uM,snap 6,38,1.738,5.334,3664.895,341593
5uM,snap 6,39,0.848,3.728,1519.922,141667
5uM,snap 6,40,0.44,2.885,747.317,69655
5uM,snap 6,41,0.783,3.729,1141.344,106381
5uM,snap 6,42,3.036,7.414,7607.979,709115
5uM,snap 6,43,3.83,9.382,7655.089,713506
5uM,snap 6,44,0.944,3.685,1889.391,176104
5uM,snap 6,45,0.504,2.823,742.038,69163
5uM,snap 6,46,1.738,5.154,2311.077,215408
5uM,snap 6,47,2.929,8.001,4483.001,417846
5uM,snap 6,48,1.76,6.539,4727.758,440659
5uM,snap 6,49,1.084,3.962,2718.376,253371
5uM,snap 6,50,0.987,4.688,1845.778,172039
5uM,snap 6,51,0.998,4.475,2302.977,214653
5uM,snap 6,52,0.579,3.176,926.692,86374
5uM,snap 6,53,1.03,5.277,1805.953,168327
5uM,snap 6,54,0.772,3.608,1335.032,124434
5uM,snap 6,55,0.397,2.595,658.118,61341
5uM,snap 6,56,0.515,3.271,720.87,67190
5uM,snap 6,57,1.159,4.868,2526.319,235470
5uM,snap 6,58,1.459,5.254,3300.351,307615
5uM,snap 6,59,0.687,3.182,1389.159,129479
5uM,snap 6,60,1.706,5.734,4478.602,417436
5uM,snap 6,61,0.654,3.331,1317.63,122812
5uM,snap 6,62,1.513,5.365,3040.885,283431
5uM,snap 6,63,1.094,3.882,2218.97,206823
5uM,snap 6,64,0.955,4.109,1626.599,151610
5uM,snap 6,65,0.998,3.951,1572.45,146563
5uM,snap 6,66,0.858,3.852,1228.945,114546
5uM,snap 6,67,1.019,4.083,2020.766,188349
5uM,snap 6,68,1.738,5.963,3889.182,362498
5uM,snap 6,69,1.105,4.039,1683.977,156958
5uM,snap 6,70,2.135,7.043,5400.327,503347
5uM,snap 6,71,0.74,4.088,1484.485,138364
5uM,snap 6,72,1.212,4.426,2041.472,190279
5uM,snap 6,73,0.182,1.709,238.287,22210
5uM,snap 6,74,1.116,4.423,1666.456,155325
5uM,snap 6,75,0.622,3.195,803.525,74894
5uM,snap 6,76,1.878,7.218,3937.751,367025
5uM,snap 6,77,0.762,3.999,980.144,91356
5uM,snap 6,78,2.06,8.187,4087.032,380939
5uM,snap 6,79,2.232,7.436,4106.913,382792
5uM,snap 6,80,1.341,5.015,1807.959,168514
5uM,snap 6,81,0.633,3.139,980.079,91350
5uM,snap 6,82,0.44,2.681,705.003,65711
5uM,snap 6,83,1.041,4.903,952.088,88741
5uM,snap 6,84,0.772,3.423,923.055,86035
5uM,snap 6,85,0.751,3.395,1586.999,147919
5uM,snap 6,86,0.687,3.094,1538.569,143405
5uM,snap 6,87,1.438,4.903,2939.39,273971
5uM,snap 6,88,0.472,2.645,812.505,75731
5uM,snap 6,89,0.869,4.036,2131.712,198690
5uM,snap 6,90,0.762,3.594,1477.007,137667
5uM,snap 6,91,0.257,1.901,363.429,33874
5uM,snap 6,92,0.311,2.469,431.492,40218
5uM,snap 6,93,0.687,3.387,1208.636,112653
5uM,snap 6,94,0.365,2.72,688.502,64173
5uM,snap 6,95,0.987,4.657,1601.268,149249
5uM,snap 6,96,2.639,6.637,7620.735,710304
5uM,snap 6,97,0.719,3.233,1426.592,132968
5uM,snap 6,98,0.858,3.442,1936.083,180456
5uM,snap 6,99,0.558,2.97,814.372,75905
5uM,snap 6,100,0.29,2.273,392.107,36547
5uM,snap 6,101,0.89,4.487,1343.379,125212
5uM,snap 6,102,1.33,4.775,3018.44,281339
5uM,snap 6,103,1.084,3.972,1935.278,180381
5uM,snap 6,104,1.523,5.974,3185.027,296866
5uM,snap 6,105,1.395,5.031,2467.847,230020
5uM,snap 6,106,0.762,3.609,1211.017,112875
5uM,snap 6,107,0.257,2.223,417.244,38890
5uM,snap 6,108,1.867,5.72,2975.214,277310
5uM,snap 6,109,1.405,5.03,1736.408,161845
5uM,snap 6,110,0.923,3.779,1387.904,129362
5uM,snap 6,111,4.249,10.785,8199.245,764225
5uM,snap 6,112,0.88,3.563,1498.089,139632
5uM,snap 6,113,1.245,5.096,1509.236,140671
5uM,snap 6,114,1.287,4.859,1923.348,179269
5uM,snap 6,115,0.376,2.861,552.878,51532
5uM,snap 6,116,0.912,4.083,1299.09,121084
5uM,snap 6,117,0.912,3.912,1045.16,97416
5uM,snap 6,118,3.465,10.117,7014.406,653790
5uM,snap 6,119,0.633,3.641,1024.829,95521
5uM,snap 6,120,2.264,6.423,6080.096,566706
5uM,snap 6,121,0.579,3.392,865.592,80679
5uM,snap 6,122,1.245,5.471,2366.406,220565
5uM,snap 6,123,1.856,5.568,2825.686,263373
5uM,snap 6,124,0.504,2.952,586.792,54693
5uM,snap 6,125,0.697,3.305,812.43,75724
5uM,snap 6,126,0.987,4.328,1661.961,154906
5uM,snap 6,127,0.44,2.63,816.936,76144
5uM,snap 6,128,0.365,2.586,546.827,50968
5uM,snap 6,129,0.601,3.345,885.365,82522
5uM,snap 6,130,0.697,3.503,672.698,62700
5uM,snap 6,131,1.202,4.731,2543.989,237117
5uM,snap 6,132,3.026,7.421,5256.518,489943
5uM,snap 6,133,2.35,8.731,4793.032,446743
5uM,snap 6,134,2.146,6.649,5852.408,545484
5uM,snap 6,135,1.169,4.58,2011.882,187521
5uM,snap 6,136,1.116,4.611,2392.831,223028
5uM,snap 6,137,0.708,4.006,1018.928,94971
5uM,snap 6,138,0.923,4.191,2090.17,194818
5uM,snap 6,139,1.566,5.417,3403.305,317211
5uM,snap 6,140,1.502,4.786,2850.298,265667
5uM,snap 6,141,1.105,4.458,2376.362,221493
5uM,snap 6,142,0.569,2.907,907.209,84558
5uM,snap 6,143,1.084,4.594,1283.083,119592
5uM,snap 6,144,0.719,3.653,1265.359,117940
5uM,snap 6,145,0.612,3.442,820.112,76440
5uM,snap 6,146,0.622,3.462,1381.52,128767
5uM,snap 6,147,0.483,2.744,924.772,86195
5uM,snap 6,148,1.094,4.584,2271.981,211764
5uM,snap 6,149,0.858,3.673,1843.568,171833
5uM,snap 6,150,1.255,4.685,2766.581,257864
5uM,snap 6,151,0.504,3.22,833.824,77718
5uM,snap 6,152,3.101,9.495,7801.645,727166
5uM,snap 6,153,1.566,4.977,3719.763,346707
5uM,snap 6,154,2.135,6.129,6046.439,563569
5uM,snap 6,155,1.009,4.189,2205.151,205535
5uM,snap 6,156,1.427,5.172,3042.43,283575
5uM,snap 6,157,0.365,2.603,603.894,56287
5uM,snap 6,158,0.676,3.661,1432.986,133564
5uM,snap 6,159,0.354,2.631,742.167,69175
5uM,snap 6,160,0.858,3.589,1550.338,144502
5uM,snap 6,161,1.996,5.477,4520.499,421341
5uM,snap 6,162,1.127,5.069,2905.154,270780
5uM,snap 6,163,0.257,2.337,574.347,53533
5uM,snap 6,164,0.547,3.116,1138.855,106149
5uM,snap 6,165,1.33,4.72,2797.008,260700
5uM,snap 6,166,0.966,3.93,2230.117,207862
5uM,snap 6,167,3.144,8.046,5529.782,515413
5uM,snap 6,168,0.515,3.248,969.715,90384
5uM,snap 6,169,0.418,2.695,797.893,74369
5uM,snap 6,170,1.985,8.124,3286.757,306348
5uM,snap 6,171,1.019,3.898,1905.935,177646
5uM,snap 6,172,0.88,4.226,2103.817,196090
5uM,snap 6,173,0.601,3.06,872.437,81317
5uM,snap 6,174,1.03,3.985,2470.057,230226
5uM,snap 6,175,1.448,5.109,2089.398,194746
5uM,snap 6,176,1.009,4.566,1473.144,137307
5uM,snap 6,177,0.687,3.139,1616.492,150668
5uM,snap 6,178,0.483,2.688,504.148,46990
5uM,snap 6,179,1.212,4.968,1486.995,138598
5uM,snap 6,180,0.665,3.349,1136.194,105901
5uM,snap 6,181,2.081,7.047,2854.139,266025
5uM,snap 6,182,1.277,5.215,2300.123,214387
5uM,snap 6,183,0.376,2.537,410.646,38275
5uM,snap 6,184,0.494,3.176,890.601,83010
5uM,snap 6,185,0.569,2.913,799.878,74554
5uM,snap 6,186,0.826,3.447,1010.678,94202
5uM,snap 6,187,1.416,4.702,2344.465,218520
5uM,snap 6,188,0.751,3.726,987.847,92074
5uM,snap 6,189,0.815,3.573,1101.165,102636
5uM,snap 6,190,0.815,3.44,1614.422,150475
5uM,snap 6,191,1.041,4.132,2237.134,208516
5uM,snap 6,192,1.513,4.6,2770.454,258225
5uM,snap 6,193,0.751,3.396,1264.447,117855
5uM,snap 6,194,0.826,3.352,1031.331,96127
5uM,snap 6,195,0.365,2.301,451.18,42053
5uM,snap 6,196,0.644,3.061,1049.248,97797
5uM,snap 6,197,0.59,3.197,982.203,91548
5uM,snap 6,198,0.472,2.836,568.06,52947
5uM,snap 6,199,0.536,2.886,565.656,52723
5uM,snap 6,200,0.719,3.494,971.829,90581
5uM,snap 6,201,0.558,3.467,770.921,71855
5uM,snap 6,202,0.365,2.47,621.715,57948
5uM,snap 6,203,1.76,5.882,2146.046,200026
5uM,snap 6,204,1.041,4.64,1217.197,113451
5uM,snap 6,205,0.665,3.193,840.079,78301
5uM,snap 6,206,0.354,2.562,517.591,48243
5uM,snap 6,207,0.472,2.765,572.984,53406
5uM,snap 6,208,0.944,4.522,1258.686,117318
5uM,snap 6,209,1.32,5.16,1533.633,142945
5uM,snap 6,210,0.848,3.755,670.509,62496
5uM,snap 6,211,1.234,4.788,2121.52,197740
5uM,snap 6,212,0.451,2.927,902.478,84117
5uM,snap 6,213,0.783,4.583,981.152,91450
5uM,snap 6,214,1.137,3.956,941.262,87732
5uM,snap 6,215,0.697,3.069,811.969,75681
5uM,snap 6,216,0.622,3.115,743.937,69340
5uM,snap 6,217,0.708,3.645,842.342,78512
5uM,snap 6,218,1.448,5.244,2847.433,265400
5uM,snap 6,219,2.725,6.265,6695.437,624060
5uM,snap 6,220,1.03,3.963,2457.258,229033
5uM,snap 6,221,0.612,3.236,991.216,92388
5uM,snap 6,222,0.987,4.117,2273.58,211913
5uM,snap 6,223,0.654,3.248,916.167,85393
5uM,snap 6,224,0.73,3.421,1793.7,167185
5uM,snap 6,225,0.944,4.024,2242.187,208987
5uM,snap 6,226,0.44,2.917,773.27,72074
5uM,snap 6,227,0.89,3.919,1851.1,172535
5uM,snap 6,228,2.146,7.419,3638.245,339109
5uM,snap 6,229,0.494,2.747,896.244,83536
5uM,snap 6,230,0.547,3.002,659.727,61491
5uM,snap 6,231,0.408,2.582,785.683,73231
5uM,snap 6,232,0.397,3.51,608.132,56682
5uM,snap 6,233,0.418,2.56,407.578,37989
5uM,snap 6,234,0.601,3.409,1138.63,106128
5uM,snap 6,235,0.376,2.554,441.417,41143
5uM,snap 6,236,0.354,2.6,716.3,66764
5uM,snap 6,237,0.633,3.597,892.339,83172
5uM,snap 6,238,0.654,3.643,1140.293,106283
5uM,snap 6,239,1.127,4.838,2073.712,193284
5uM,snap 6,240,1.835,5.524,3625.413,337913
5uM,snap 6,241,2.114,6.34,3387.576,315745
5uM,snap 6,242,0.644,3.233,903.507,84213
5uM,snap 6,243,0.826,3.633,1088.151,101423
5uM,snap 6,244,0.901,3.893,959.212,89405
5uM,snap 6,245,1.051,4.138,952.774,88805
5uM,snap 6,246,1.727,5.219,4609.591,429645
5uM,snap 6,247,0.687,3.434,1717.311,160065
5uM,snap 6,248,0.869,3.897,1559.114,145320
5uM,snap 6,249,0.976,3.744,1609.057,149975
5uM,snap 6,250,1.395,5.204,2313.395,215624
5uM,snap 6,251,0.472,3.143,779.182,72625
5uM,snap 6,252,0.676,3.658,722.684,67359
5uM,snap 6,253,0.558,3.125,710.785,66250
5uM,snap 6,254,3.412,9.078,7537.533,702549
5uM,snap 6,255,0.762,3.613,1274.725,118813
5uM,snap 6,256,0.311,2.377,462.263,43086
5uM,snap 6,257,0.333,2.474,521.25,48584
5uM,snap 6,258,0.461,2.912,677.848,63180
5uM,snap 6,259,0.547,2.759,905.482,84397
5uM,snap 6,260,0.354,2.464,644.02,60027
5uM,snap 6,261,0.44,2.954,461.361,43002
5uM,snap 6,262,1.234,5.185,1668.355,155502
5uM,snap 6,263,0.333,3.017,578.724,53941
5uM,snap 6,264,2.532,9.855,5012.501,467199
5uM,snap 6,265,0.837,4.084,1152.653,107435
5uM,snap 6,266,1.094,4.034,1829.578,170529
5uM,snap 6,267,1.824,6.384,3572.831,333012
5uM,snap 6,268,1.148,4.81,1881.14,175335
5uM,snap 6,269,0.622,3.285,892.736,83209
5uM,snap 6,270,1.931,6.02,3714.43,346210
5uM,snap 6,271,0.612,3.288,817.033,76153
5uM,snap 6,272,0.397,2.371,517.623,48246
5uM,snap 6,273,0.944,4.046,889.313,82890
5uM,snap 6,274,0.461,2.887,824.243,76825
5uM,snap 6,275,0.483,2.704,849.005,79133
5uM,snap 6,276,2.242,5.899,5191.694,483901
5uM,snap 6,277,0.257,2.246,335.888,31307
5uM,snap 6,278,0.601,3.269,964.501,89898
5uM,snap 6,279,0.483,3.032,514.555,47960
5uM,snap 6,280,0.73,3.353,855.7,79757
5uM,snap 6,281,1.867,6.665,3387.372,315726
5uM,snap 6,282,1.481,5.183,3034.072,282796
5uM,snap 6,283,1.03,3.848,1705.949,159006
5uM,snap 6,284,1.867,5.377,2823.991,263215
5uM,snap 6,285,2.285,7.104,4057.764,378211
5uM,snap 6,286,3.819,9.459,6532.027,608829
5uM,snap 6,287,0.912,3.893,1402.141,130689
5uM,snap 6,288,0.311,2.337,435.494,40591
5uM,snap 6,289,0.365,2.675,379.865,35406
5uM,snap 6,290,1.835,5.946,3751.262,349643
5uM,snap 6,291,0.569,3.142,678.073,63201
5uM,snap 6,292,2.232,6.097,5395.242,502873
5uM,snap 6,293,0.622,3.347,1288.651,120111
5uM,snap 6,294,1.384,4.903,3275.599,305308
5uM,snap 6,295,1.491,5.533,2735.789,254994
5uM,snap 6,296,0.268,2.492,438.316,40854
5uM,snap 6,297,0.579,3.595,902.606,84129
5uM,snap 6,298,0.912,3.723,1467.533,136784
5uM,snap 6,299,1.481,4.936,1999.458,186363
5uM,snap 6,300,1.159,4.184,1605.721,149664
5uM,snap 6,301,0.815,3.777,1305.817,121711
5uM,snap 6,302,0.494,3.146,674.458,62864
5uM,snap 6,303,1.009,3.975,2263.248,210950
5uM,snap 6,304,0.89,3.795,2100.213,195754
5uM,snap 6,305,0.869,3.644,1383.848,128984
5uM,snap 6,306,0.536,3.1,796.949,74281
5uM,snap 6,307,0.697,4.431,1862.998,173644
5uM,snap 6,308,1.695,5.697,3541.771,330117
5uM,snap 6,309,0.343,2.894,402.578,37523
5uM,snap 6,310,1.127,3.957,1396.487,130162
5uM,snap 6,311,1.137,4.39,2877.592,268211
5uM,snap 6,312,1.491,5.791,3143.216,292969
5uM,snap 6,313,1.481,5.912,3510.818,327232
5uM,snap 6,314,1.298,4.861,1872.547,174534
5uM,snap 6,315,0.451,3.106,862.137,80357
5uM,snap 6,316,0.365,2.962,540.208,50351
5uM,snap 6,317,0.933,4.343,1631.942,152108
5uM,snap 6,318,0.3,2.325,335.952,31313
5uM,snap 6,319,0.193,1.85,209.609,19537
5uM,snap 6,320,0.558,3.289,1199.366,111789
5uM,snap 6,321,0.697,3.26,1346.973,125547
5uM,snap 6,322,0.933,4.093,1289.982,120235
5uM,snap 6,323,1.191,4.551,1944.323,181224
5uM,snap 6,324,0.654,3.239,1066.951,99447
5uM,snap 6,325,0.794,4.858,1106.797,103161
5uM,snap 6,326,1.781,7.692,1972.765,183875
5uM,snap 6,327,0.837,4.383,1574.693,146772
5uM,snap 6,328,0.622,3.342,928.205,86515
5uM,snap 6,329,1.041,4.307,1852.001,172619
5uM,snap 6,330,0.268,2.226,423.671,39489
5uM,snap 6,331,0.579,3.332,506.047,47167
5uM,snap 6,332,2.232,6.927,3022.313,281700
5uM,snap 6,333,0.955,4.401,1175.226,109539
5uM,snap 6,334,1.513,5.33,2521.341,235006
5uM,snap 6,335,0.976,4.603,1124.586,104819
5uM,snap 6,336,0.858,4.477,1674.181,156045
5uM,snap 6,337,0.676,3.391,961.239,89594
5uM,snap 6,338,0.88,4.051,1450.517,135198
5uM,snap 7,1,1.32,4.527,2028.362,189057
5uM,snap 7,2,0.815,3.69,1136.795,105957
5uM,snap 7,3,0.654,3.695,543.705,50677
5uM,snap 7,4,0.515,3.329,409.434,38162
5uM,snap 7,5,0.44,2.853,449.023,41852
5uM,snap 7,6,0.762,3.949,957.13,89211
5uM,snap 7,7,0.805,4.058,1014.841,94590
5uM,snap 7,8,0.697,3.509,1769.818,164959
5uM,snap 7,9,2.253,6.257,6778.221,631776
5uM,snap 7,10,0.944,4.969,2717.11,253253
5uM,snap 7,11,0.633,3.457,1421.732,132515
5uM,snap 7,12,0.494,2.88,1055.492,98379
5uM,snap 7,13,0.504,2.759,954.909,89004
5uM,snap 7,14,0.601,3.333,1202.273,112060
5uM,snap 7,15,1.727,5.844,3326.036,310009
5uM,snap 7,16,0.29,2.292,436.406,40676
5uM,snap 7,17,0.44,3.241,630.738,58789
5uM,snap 7,18,0.708,3.327,1076.961,100380
5uM,snap 7,19,0.697,3.676,794.781,74079
5uM,snap 7,20,0.29,2.647,300.107,27972
5uM,snap 7,21,0.912,4.153,1412.419,131647
5uM,snap 7,22,0.815,3.828,1029.378,95945
5uM,snap 7,23,0.826,4.671,1015.323,94635
5uM,snap 7,24,0.536,3.057,711.472,66314
5uM,snap 7,25,0.483,3.001,664.072,61896
5uM,snap 7,26,0.998,4.504,792.979,73911
5uM,snap 7,27,0.697,3.272,488.849,45564
5uM,snap 7,28,0.772,4.95,734.217,68434
5uM,snap 7,29,0.783,3.998,784.332,73105
5uM,snap 7,30,1.416,6.025,1221.564,113858
5uM,snap 7,31,1.523,5.129,2056.289,191660
5uM,snap 7,32,2.253,6.741,2569.985,239540
5uM,snap 7,33,0.783,3.622,1088.752,101479
5uM,snap 7,34,0.869,4.523,1491.147,138985
5uM,snap 7,35,1.523,4.753,3032.591,282658
5uM,snap 7,36,0.515,3.339,756.286,70491
5uM,snap 7,37,1.309,4.673,1321.321,123156
5uM,snap 7,38,1.33,4.776,1582.718,147520
5uM,snap 7,39,0.955,4.115,1351.876,126004
5uM,snap 7,40,0.472,3.62,688.083,64134
5uM,snap 7,41,0.569,3.515,562.91,52467
5uM,snap 7,42,0.601,3.275,845.593,78815
5uM,snap 7,43,0.73,3.453,598.079,55745
5uM,snap 7,44,0.654,3.296,727.823,67838
5uM,snap 7,45,1.341,7.447,747.21,69645
5uM,snap 7,46,0.858,3.554,991.441,92409
5uM,snap 7,47,0.472,3.075,525.241,48956
5uM,snap 7,48,0.547,2.935,818.224,76264
5uM,snap 7,49,4.86,8.714,13811.209,1287298
5uM,snap 8,1,3.562,8.618,9750.613,908823
5uM,snap 8,2,2.618,6.969,5751.879,536114
5uM,snap 8,3,0.418,2.82,564.927,52655
5uM,snap 8,4,1.373,4.748,1392.142,129757
5uM,snap 8,5,1.706,5.186,2541.35,236871
5uM,snap 8,6,0.933,3.773,846.291,78880
5uM,snap 8,7,0.762,3.434,620.084,57796
5uM,snap 8,8,2.071,5.565,2769.874,258171
5uM,snap 8,9,0.644,3.728,882.35,82241
5uM,snap 8,10,2.403,6.244,4494.234,418893
5uM,snap 8,11,1.341,4.304,2303.063,214661
5uM,snap 8,12,3.165,7.809,4632.003,431734
5uM,snap 8,13,1.92,6.324,3471.444,323562
5uM,snap 8,14,1.33,4.583,1900.603,177149
5uM,snap 8,15,1.899,5.83,3417.392,318524
5uM,snap 8,16,1.491,5.189,2764.242,257646
5uM,snap 8,17,1.942,5.614,3308.398,308365
5uM,snap 8,18,0.612,2.989,692.858,64579
5uM,snap 8,19,0.708,4.285,485.383,45241
5uM,snap 8,20,1.802,5.4,3575.9,333298
5uM,snap 8,21,0.526,3.11,778.913,72600
5uM,snap 8,22,0.397,2.822,575.784,53667
5uM,snap 8,23,1.899,5.669,3007.497,280319
5uM,snap 8,24,1.116,4.416,1823.087,169924
5uM,snap 8,25,1.813,6.127,4998.629,465906
5uM,snap 8,26,0.837,3.814,1813.602,169040
5uM,snap 8,27,0.365,2.668,423.006,39427
5uM,snap 8,28,1.502,5.182,2409.568,224588
5uM,snap 8,29,0.44,3.244,519.748,48444
5uM,snap 8,30,1.373,4.536,2765.679,257780
5uM,snap 8,31,0.89,4.223,1944.569,181247
5uM,snap 8,32,0.654,2.988,956.208,89125
5uM,snap 8,33,1.277,5.249,2631,245227
5uM,snap 8,34,1.545,5.463,2102.766,195992
5uM,snap 8,35,1.545,6.054,1674.675,156091
5uM,snap 8,36,0.826,4.115,1345.761,125434
5uM,snap 8,37,1.191,4.658,1936.845,180527
5uM,snap 8,38,1.148,4.446,2140.36,199496
5uM,snap 8,39,0.687,3.839,797.925,74372
5uM,snap 8,40,0.794,3.685,807.495,75264
5uM,snap 8,41,0.74,3.622,599.57,55884
5uM,snap 9,1,3.691,7.897,9860.691,919083
5uM,snap 9,2,0.536,3.499,928.216,86516
5uM,snap 9,3,2.811,8.455,3258.573,303721
5uM,snap 9,4,1.245,4.716,1610.978,150154
5uM,snap 9,5,0.494,2.927,392.257,36561
5uM,snap 9,6,5.128,12.633,5827.732,543184
5uM,snap 9,7,1.577,5.527,2577.86,240274
5uM,snap 9,8,0.837,3.746,916.597,85433
5uM,snap 9,9,1.245,5.048,2165.691,201857
5uM,snap 9,10,1.438,5.072,2739.887,255376
5uM,snap 9,11,0.408,2.523,516.4,48132
5uM,snap 9,12,1.137,4.861,1552.409,144695
5uM,snap 9,13,0.869,4.184,1561.657,145557
5uM,snap 9,14,0.944,4.142,2166.957,201975
5uM,snap 9,15,0.858,3.639,830.09,77370
5uM,snap 9,16,3.905,7.771,8051.755,750478
5uM,snap 9,17,0.654,3.419,545.872,50879
5uM,snap 9,18,0.762,3.827,766.854,71476
5uM,snap 9,19,0.826,3.571,882.372,82243
5uM,snap 9,20,3.401,7.649,8123.864,757199
5uM,snap 9,21,0.762,3.511,1159.337,108058
5uM,snap 9,22,0.805,3.449,1528.623,142478
5uM,snap 9,23,0.612,3.21,775.534,72285
5uM,snap 9,24,0.472,3.03,585.698,54591
5uM,snap 9,25,0.976,3.991,837.407,78052
5uM,snap 9,26,0.998,4.199,970.52,90459
5uM,snap 9,27,0.89,3.712,1679.385,156530
5uM,snap 9,28,0.397,2.877,647.861,60385
5uM,snap 9,29,0.923,3.788,2110.909,196751
5uM,snap 9,30,0.333,2.861,619.708,57761
5uM,snap 9,31,0.418,2.623,436.717,40705
5uM,snap 9,32,1.191,4.701,1779.603,165871
5uM,snap 9,33,0.354,2.555,373.567,34819
5uM,snap 9,34,0.343,2.338,510.392,47572
5uM,snap 9,35,0.644,3.975,585.676,54589
5uM,snap 9,36,1.695,5.787,3238.639,301863
5uM,snap 9,37,1.169,4.785,2486.912,231797
5uM,snap 9,38,0.933,4.033,1347.563,125602
5uM,snap 9,39,1.137,4.587,994.102,92657
5uM,snap 9,40,1.513,4.795,1555.681,145000
5uM,snap 9,41,0.644,3.549,600.536,55974
5uM,snap 9,42,1.491,5.337,1877.772,175021
5uM,snap 9,43,1.33,4.668,1925.032,179426
5uM,snap 9,44,1.395,5.343,2683.904,250158
5uM,snap 9,45,0.805,4.404,979.682,91313
5uM,snap 9,46,1.534,5.574,3081.526,287219
5uM,snap 9,47,2.789,7.623,3983.649,371303
5uM,snap 9,48,1.159,4.981,1374.192,128084
5uM,snap 9,49,0.654,3.452,1166.997,108772
5uM,snap 9,50,0.848,3.854,1490.858,138958
5uM,snap 9,51,2.553,8.204,2626.097,244770
5uM,snap 9,52,0.815,4.281,629.107,58637
5uM,snap 9,53,1.985,5.824,4661.304,434465
5uM,snap 9,54,1.116,4.215,2140.285,199489
5uM,snap 9,55,1.062,3.807,1424.081,132734
5uM,snap 9,56,0.998,4.409,2098.067,195554
5uM,snap 9,57,0.944,3.94,2052.083,191268
5uM,snap 9,58,0.687,3.661,598.605,55794
5uM,snap 9,59,0.944,3.926,1326.331,123623
5uM,snap 9,60,0.73,3.41,806.133,75137
5uM,snap 9,61,1.684,5.643,2313.824,215664
5uM,snap 9,62,0.536,2.8,435.044,40549
5uM,snap 9,63,0.569,3.361,732.447,68269
5uM,snap 9,64,0.88,3.867,2018.888,188174
5uM,snap 9,65,1.116,4.185,1578.426,147120
5uM,snap 9,66,0.483,3.007,632.744,58976
5uM,snap 9,67,0.933,4.156,1461.6,136231
5uM,snap 9,68,1.491,5.438,1444.037,134594
5uM,snap 9,69,1.137,4.469,1446.333,134808
5uM,snap 9,70,1.309,5.03,2848.12,265464
5uM,snap 9,71,0.923,4.11,752.327,70122
5uM,snap 9,72,1.588,5.612,1935.9,180439
5uM,snap 9,73,1.416,4.921,1606.6,149746
5uM,snap 9,74,0.494,3.29,518.514,48329
5uM,snap 9,75,1.47,4.925,1140.636,106315
5uM,snap 9,76,1.019,4.939,841.334,78418
10uM,snap 0,1,0.515,3.317,580.645,54120
10uM,snap 0,2,0.633,3.83,919.375,85692
10uM,snap 0,3,0.966,4.222,1770.151,164990
10uM,snap 0,4,0.794,3.652,1736.398,161844
10uM,snap 0,5,1.094,4.472,2330.722,217239
10uM,snap 0,6,0.976,5.534,1374.782,128139
10uM,snap 0,7,1.03,4.59,1713.513,159711
10uM,snap 0,8,1.287,5.557,2658.23,247765
10uM,snap 0,9,0.654,3.379,1182.404,110208
10uM,snap 0,10,1.159,4.393,2141.089,199564
10uM,snap 0,11,0.826,3.73,1371.531,127836
10uM,snap 0,12,0.515,3.123,873.295,81397
10uM,snap 0,13,0.236,2.106,256.258,23885
10uM,snap 0,14,0.569,3.25,912.97,85095
10uM,snap 0,15,2.747,9.797,5907.211,550592
10uM,snap 0,16,0.88,4.686,1123.695,104736
10uM,snap 0,17,1.363,5.638,2217.886,206722
10uM,snap 0,18,0.461,2.85,531.646,49553
10uM,snap 0,19,1.137,5.58,1673.505,155982
10uM,snap 0,20,1.47,6.237,2152.891,200664
10uM,snap 0,21,0.697,4.677,956.047,89110
10uM,snap 0,22,2.339,7.595,4054.32,377890
10uM,snap 0,23,0.354,2.676,441.384,41140
10uM,snap 0,24,0.719,3.488,734.142,68427
10uM,snap 0,25,1.041,5.832,1305.292,121662
10uM,snap 0,26,0.515,2.892,760.417,70876
10uM,snap 0,27,0.451,2.982,627.39,58477
10uM,snap 0,28,0.257,2.197,314.838,29345
10uM,snap 0,29,0.343,2.144,309.366,28835
10uM,snap 0,30,2.307,7.181,3271.887,304962
10uM,snap 0,31,1.438,6.77,1894.294,176561
10uM,snap 0,32,0.451,3.034,477.884,44542
10uM,snap 0,33,0.44,2.897,455.514,42457
10uM,snap 0,34,1.212,5.602,1281.409,119436
10uM,snap 0,35,0.472,2.776,741.899,69150
10uM,snap 0,36,0.923,4.658,1372.283,127906
10uM,snap 0,37,1.47,5.531,2721.745,253685
10uM,snap 0,38,0.397,2.717,313.926,29260
10uM,snap 0,39,0.386,2.897,370.574,34540
10uM,snap 0,40,0.257,2.005,330.673,30821
10uM,snap 0,41,1.985,6.76,3515.464,327665
10uM,snap 0,42,0.633,4.073,707.02,65899
10uM,snap 0,43,1.105,4.456,1451.44,135284
10uM,snap 0,44,0.772,5.303,956.744,89175
10uM,snap 0,45,0.461,2.728,638.065,59472
10uM,snap 0,46,0.955,4.34,986.463,91945
10uM,snap 0,47,0.794,4.651,692.149,64513
10uM,snap 0,48,1.019,4.408,1553.557,144802
10uM,snap 0,49,0.697,3.845,874.561,81515
10uM,snap 0,50,0.74,3.83,969.082,90325
10uM,snap 0,51,0.504,3.051,661.207,61629
10uM,snap 0,52,0.515,3.141,553.844,51622
10uM,snap 0,53,1.094,5.39,1068.517,99593
10uM,snap 0,54,0.397,2.628,558.039,52013
10uM,snap 0,55,0.901,4.227,1224.471,114129
10uM,snap 0,56,0.526,2.817,808.622,75369
10uM,snap 0,57,0.923,4.731,1054.645,98300
10uM,snap 0,58,0.365,2.586,417.416,38906
10uM,snap 0,59,0.376,2.474,443.852,41370
10uM,snap 0,60,0.665,3.93,837.654,78075
10uM,snap 1,1,1.942,6.632,4667.956,435085
10uM,snap 1,2,1.116,4.672,3024.802,281932
10uM,snap 1,3,1.287,4.826,3699.442,344813
10uM,snap 1,4,0.515,3.01,977.193,91081
10uM,snap 1,5,1.985,6.148,4839.145,451041
10uM,snap 1,6,1.427,5.303,4119.283,383945
10uM,snap 1,7,1.963,7.369,5627.736,524543
10uM,snap 1,8,1.169,4.316,2763.298,257558
10uM,snap 1,9,2.564,8.644,6960.214,648739
10uM,snap 1,10,1.545,6.357,4355.414,405954
10uM,snap 1,11,1.824,5.853,4556.172,424666
10uM,snap 1,12,0.44,2.951,1051.49,98006
10uM,snap 1,13,1.051,4.717,2614.145,243656
10uM,snap 1,14,3.09,9.843,8488.162,791154
10uM,snap 1,15,2.65,9.668,7058.426,657893
10uM,snap 1,16,5.772,11.032,13982.645,1303277
10uM,snap 1,17,2.543,7.336,6410.083,597463
10uM,snap 1,18,0.944,4.361,2640.978,246157
10uM,snap 1,19,3.895,10.204,9509.847,886382
10uM,snap 1,20,1.352,5.521,3641.742,339435
10uM,snap 1,21,5.171,13.297,13055.502,1216861
10uM,snap 1,22,1.76,7.227,5007.448,466728
10uM,snap 1,23,0.826,4.167,2366.856,220607
10uM,snap 1,24,1.416,5.042,4358.214,406215
10uM,snap 1,25,1.566,5.378,4421.042,412071
10uM,snap 1,26,4.485,12.542,12282.919,1144851
10uM,snap 1,27,2.607,7.187,6481.977,604164
10uM,snap 1,28,3.358,10.995,8320.148,775494
10uM,snap 1,29,1.974,6.585,4771.618,444747
10uM,snap 1,30,0.461,2.73,1726.978,160966
10uM,snap 1,31,1.094,4.284,3079.669,287046
10uM,snap 1,32,1.169,5.576,2676.587,249476
10uM,snap 1,33,2.521,7.889,6249.032,582452
10uM,snap 1,34,3.927,9.937,11575.47,1078912
10uM,snap 1,35,0.322,2.573,746.051,69537
10uM,snap 1,36,3.251,8.656,8871.17,826853
10uM,snap 1,37,5.203,13.214,13099.759,1220986
10uM,snap 1,38,0.451,3.151,1346.501,125503
10uM,snap 1,39,0.697,4.085,1947.037,181477
10uM,snap 1,40,0.612,3.485,1539.062,143451
10uM,snap 1,41,1.845,8.705,4444.474,414255
10uM,snap 1,42,0.547,3.154,1013.392,94455
10uM,snap 1,43,0.558,4.157,1350.61,125886
10uM,snap 1,44,1.845,6.018,5278.201,491964
10uM,snap 1,45,0.494,2.788,1586.999,147919
10uM,snap 1,46,2.307,6.468,6436.937,599966
10uM,snap 1,47,0.869,4.583,2124.664,198033
10uM,snap 1,48,3.347,9.718,8899.022,829449
10uM,snap 1,49,2.049,6.656,4866.911,453629
10uM,snap 1,50,0.955,4.659,2952.554,275198
10uM,snap 1,51,1.588,5.23,4651.476,433549
10uM,snap 1,52,4.592,12.043,11381.364,1060820
10uM,snap 1,53,1.438,5.584,4378.277,408085
10uM,snap 1,54,0.719,4.19,2107.841,196465
10uM,snap 1,55,0.923,4.605,2800.623,261037
10uM,snap 1,56,0.858,4.24,1995.66,186009
10uM,snap 1,57,5.987,16.268,16743.765,1560632
10uM,snap 1,58,4.216,11.974,11272.348,1050659
10uM,snap 1,59,0.923,4.772,2500.581,233071
10uM,snap 1,60,2.339,7.825,6564.674,611872
10uM,snap 1,61,2.564,7.613,5853.395,545576
10uM,snap 2,1,1.845,5.488,5203.421,484994
10uM,snap 2,2,0.719,3.748,1510.652,140803
10uM,snap 2,3,0.494,3.262,725.956,67664
10uM,snap 2,4,0.376,2.757,554.413,51675
10uM,snap 2,5,0.515,2.772,805.027,75034
10uM,snap 2,6,0.558,3.433,576.911,53772
10uM,snap 2,7,0.869,3.612,1514.643,141175
10uM,snap 2,8,1.695,6.103,3586.586,334294
10uM,snap 2,9,0.59,3.388,877.662,81804
10uM,snap 2,10,0.708,3.726,1182.028,110173
10uM,snap 2,11,0.762,3.725,1110.295,103487
10uM,snap 2,12,1.255,4.591,1465.344,136580
10uM,snap 2,13,1.76,5.62,3373.543,314437
10uM,snap 2,14,1.202,4.396,2402.122,223894
10uM,snap 2,15,1.041,4.398,1668.892,155552
10uM,snap 2,16,0.74,4.076,1166.31,108708
10uM,snap 2,17,1.116,4.215,1315.355,122600
10uM,snap 2,18,0.654,3.202,666.261,62100
10uM,snap 2,19,0.451,2.752,655.285,61077
10uM,snap 2,20,0.483,3.188,875.065,81562
10uM,snap 2,21,0.837,3.783,804.448,74980
10uM,snap 2,22,0.955,3.746,1264.082,117821
10uM,snap 2,23,2.618,6.604,5820.565,542516
10uM,snap 2,24,1.62,5.264,2497.437,232778
10uM,snap 2,25,0.472,2.788,709.348,66116
10uM,snap 2,26,0.526,2.788,991.945,92456
10uM,snap 2,27,0.923,4.222,1202.992,112127
10uM,snap 2,28,1.234,4.342,2032.717,189463
10uM,snap 2,29,0.494,3.109,647.893,60388
10uM,snap 2,30,0.483,2.621,565.667,52724
10uM,snap 2,31,0.697,3.829,965.542,89995
10uM,snap 2,32,0.976,3.876,1539.266,143470
10uM,snap 2,33,0.923,4.125,2266.51,211254
10uM,snap 2,34,0.29,2.055,358.944,33456
10uM,snap 2,35,1.491,5.23,1681.756,156751
10uM,snap 2,36,1.813,5.597,4646.573,433092
10uM,snap 2,37,1.191,4.283,1729.8,161229
10uM,snap 2,38,0.719,3.458,1253.911,116873
10uM,snap 2,39,1.502,4.961,3802.321,354402
10uM,snap 2,40,0.665,3.161,691.001,64406
10uM,snap 2,41,4.002,11.83,4646.219,433059
10uM,snap 2,42,0.697,3.269,710.689,66241
10uM,snap 2,43,0.676,3.298,470.481,43852
10uM,snap 2,44,1.159,4.269,1456.772,135781
10uM,snap 2,45,1.931,5.417,4938.966,460345
10uM,snap 2,46,2.167,5.511,5848.868,545154
10uM,snap 2,47,0.697,3.202,1222.09,113907
10uM,snap 2,48,0.343,2.396,417.18,38884
10uM,snap 2,49,1.566,4.77,3184.941,296858
10uM,snap 2,50,1.32,4.833,3014.138,280938
10uM,snap 2,51,0.783,3.652,1436.366,133879
10uM,snap 2,52,1.105,3.92,787.539,73404
10uM,snap 2,53,0.74,3.776,1149.691,107159
10uM,snap 2,54,0.579,3.258,745.869,69520
10uM,snap 2,55,0.536,3.14,450.407,41981
10uM,snap 2,56,0.579,3.293,729.346,67980
10uM,snap 2,57,0.515,3.192,1037.307,96684
10uM,snap 2,58,0.762,3.604,962.065,89671
10uM,snap 2,59,0.601,3.404,686.806,64015
10uM,snap 2,60,0.826,4.24,816.325,76087
10uM,snap 2,61,0.536,3.096,337.111,31421
10uM,snap 2,62,1.041,3.96,1355.556,126347
10uM,snap 2,63,2.629,8.402,2328.941,217073
10uM,snap 2,64,2.232,5.832,1785.15,166388
10uM,snap 2,65,0.869,4.441,868.832,80981
10uM,snap 2,66,1.116,4.413,1278.362,119152
10uM,snap 2,67,0.536,3.13,602.553,56162
10uM,snap 2,68,0.558,3.989,517.076,48195
10uM,snap 2,69,1.76,6.21,1366.242,127343
10uM,snap 2,70,0.998,4.414,916.65,85438
10uM,snap 2,71,0.44,2.715,506.744,47232
10uM,snap 2,72,0.955,4.974,818.288,76270
10uM,snap 2,73,0.676,3.525,730.741,68110
10uM,snap 2,74,0.73,3.527,627.927,58527
10uM,snap 3,1,1.202,5.163,1948.078,181574
10uM,snap 3,2,0.966,4.426,1645.16,153340
10uM,snap 3,3,1.073,4.804,2014.146,187732
10uM,snap 3,4,2.65,7.85,5415.208,504734
10uM,snap 3,5,0.461,2.783,707.352,65930
10uM,snap 3,6,1.159,4.716,1768.906,164874
10uM,snap 3,7,0.429,2.804,620.127,57800
10uM,snap 3,8,4.624,10.592,8400.153,782951
10uM,snap 3,9,0.461,3.074,786.434,73301
10uM,snap 3,10,0.719,3.747,1455.345,135648
10uM,snap 3,11,0.504,2.968,800.875,74647
10uM,snap 3,12,0.569,3.397,995.926,92827
10uM,snap 3,13,2.414,8.575,3460.35,322528
10uM,snap 3,14,1.491,6.196,1889.23,176089
10uM,snap 3,15,0.633,4.591,951.658,88701
10uM,snap 3,16,0.429,3.06,875.527,81605
10uM,snap 3,17,0.751,3.733,1410.917,131507
10uM,snap 3,18,0.74,3.425,1203.228,112149
10uM,snap 3,19,1.727,7.682,2508.241,233785
10uM,snap 3,20,1.352,5.796,2552.626,237922
10uM,snap 3,21,0.429,2.769,534.071,49779
10uM,snap 3,22,0.805,3.596,1679.707,156560
10uM,snap 3,23,1.888,7.034,3397.415,316662
10uM,snap 3,24,1.084,6.359,1476.073,137580
10uM,snap 3,25,1.438,5.341,2617.503,243969
10uM,snap 3,26,2.403,7.128,4498.065,419250
10uM,snap 3,27,0.987,4.045,1725.208,160801
10uM,snap 3,28,2.049,6.532,1850.542,172483
10uM,snap 3,29,1.781,6.175,2880.263,268460
10uM,snap 3,30,1.738,5.385,3505.379,326725
10uM,snap 3,31,3.09,7.249,8533.094,795342
10uM,snap 3,32,2.35,7.405,4244.864,395650
10uM,snap 3,33,0.762,4.163,1417.032,132077
10uM,snap 3,34,0.386,2.702,622.122,57986
10uM,snap 3,35,0.429,2.891,446.77,41642
10uM,snap 3,36,2.403,7.445,5495.256,512195
10uM,snap 3,37,3.154,9.301,5433.898,506476
10uM,snap 3,38,1.266,5.016,2082.21,194076
10uM,snap 4,1,1.577,5.661,2458.738,229171
10uM,snap 4,2,1.051,4.973,1617.222,150736
10uM,snap 4,3,0.622,3.038,743.53,69302
10uM,snap 4,4,0.858,3.838,1242.056,115768
10uM,snap 4,5,1.405,5.326,1761.943,164225
10uM,snap 4,6,1.534,5.409,4704.627,438503
10uM,snap 4,7,1.438,5.574,3063.254,285516
10uM,snap 4,8,1.502,4.812,2374.163,221288
10uM,snap 4,9,1.127,4.929,1905.87,177640
10uM,snap 4,10,0.418,2.911,631.167,58829
10uM,snap 4,11,0.654,3.818,1646.651,153479
10uM,snap 4,12,0.966,4.119,1652.412,154016
10uM,snap 4,13,1.491,5.365,4186.209,390183
10uM,snap 4,14,0.826,3.761,2413.559,224960
10uM,snap 4,15,1.845,5.114,4789.921,446453
10uM,snap 4,16,3.176,7.768,8822.064,822276
10uM,snap 4,17,0.837,3.951,1665.416,155228
10uM,snap 4,18,0.644,3.149,1227.325,114395
10uM,snap 4,19,0.644,3.635,1632.736,152182
10uM,snap 4,20,0.708,3.689,1495.492,139390
10uM,snap 4,21,1.717,5.154,3313.311,308823
10uM,snap 4,22,0.976,3.98,2555.072,238150
10uM,snap 4,23,8.98,15.754,27757.462,2587183
10uM,snap 4,24,2.006,7.095,3711.598,345946
10uM,snap 4,25,0.569,2.941,921.038,85847
10uM,snap 4,26,0.257,2.482,456.008,42503
10uM,snap 4,27,1.159,4.552,2540.106,236755
10uM,snap 4,28,1.105,4.237,2707.604,252367
10uM,snap 4,29,0.579,3.27,813.278,75803
10uM,snap 4,30,1.363,5.139,2145.671,199991
10uM,snap 4,31,0.569,3.154,769.773,71748
10uM,snap 4,32,0.483,2.822,555.947,51818
10uM,snap 4,33,0.333,2.688,487.025,45394
10uM,snap 4,34,0.665,3.524,663.439,61837
10uM,snap 4,35,0.826,3.463,861.257,80275
10uM,snap 4,36,1.03,4.278,1897.255,176837
10uM,snap 4,37,1.588,5.007,2488.757,231969
10uM,snap 4,38,0.601,3.535,830.991,77454
10uM,snap 4,39,5.504,11.063,8746.952,815275
10uM,snap 4,40,0.794,3.591,2019.8,188259
10uM,snap 4,41,3.38,8.014,9637.617,898291
10uM,snap 4,42,3.712,8.694,8851.429,825013
10uM,snap 4,43,3.937,8.772,8978.738,836879
10uM,snap 4,44,1.448,5.036,3135.556,292255
10uM,snap 4,45,2.178,6.112,5274.103,491582
10uM,snap 4,46,2.167,6.772,2826.308,263431
10uM,snap 4,47,0.848,3.474,1037.242,96678
10uM,snap 4,48,2.328,6.963,4529.811,422209
10uM,snap 4,49,0.558,2.879,944.223,88008
10uM,snap 4,50,1.373,4.732,1393.268,129862
10uM,snap 4,51,1.459,5.827,1658.882,154619
10uM,snap 4,52,0.515,2.787,724.143,67495
10uM,snap 4,53,0.343,2.44,427.662,39861
10uM,snap 4,54,0.826,3.259,1030.033,96006
10uM,snap 4,55,1.255,4.685,1833.365,170882
10uM,snap 4,56,1.223,5.033,997.685,92991
10uM,snap 4,57,1.448,5.666,1489.42,138824
10uM,snap 4,58,1.009,3.988,1297.342,120921
10uM,snap 4,59,1.588,5.898,2197.598,204831
10uM,snap 4,60,2.8,7.42,3556.588,331498
10uM,snap 4,61,0.279,2.572,467.874,43609
10uM,snap 4,62,1.073,4.877,1240.672,115639
10uM,snap 4,63,1.33,4.964,1295.636,120762
10uM,snap 4,64,0.644,3.049,688.244,64149
10uM,snap 4,65,1.481,5.312,1695.757,158056
10uM,snap 4,66,1.363,5.151,1717.944,160124
10uM,snap 4,67,1.041,3.948,1075.566,100250
10uM,snap 4,68,0.579,3.174,591.921,55171
10uM,snap 5,1,5,8.179,15115.696,1408885
10uM,snap 5,2,0.826,3.86,814.812,75946
10uM,snap 5,3,2.328,6.297,5184.206,483203
10uM,snap 5,4,3.862,8.173,7877.187,734207
10uM,snap 5,5,0.837,3.666,1309.283,122034
10uM,snap 5,6,3.24,7.419,7177.527,668994
10uM,snap 5,7,0.751,3.603,1534.309,143008
10uM,snap 5,8,1.663,5.074,3203.03,298544
10uM,snap 5,9,0.365,2.48,756.297,70492
10uM,snap 5,10,0.461,2.52,667.312,62198
10uM,snap 5,11,1.041,4.763,2061.75,192169
10uM,snap 5,12,0.3,2.305,548.093,51086
10uM,snap 5,13,0.794,3.942,1328.992,123871
10uM,snap 5,14,0.612,3.307,987.504,92042
10uM,snap 5,15,0.89,3.748,1129.618,105288
10uM,snap 5,16,2.532,6.702,3237.855,301790
10uM,snap 5,17,0.955,3.972,2442.709,227677
10uM,snap 5,18,0.794,3.449,1261.153,117548
10uM,snap 5,19,2.661,6.935,8231.442,767226
10uM,snap 5,20,1.963,6.346,4087.998,381029
10uM,snap 5,21,0.365,2.744,562.266,52407
10uM,snap 5,22,0.397,2.65,706.29,65831
10uM,snap 5,23,1.062,4.366,1469.539,136971
10uM,snap 5,24,2.35,7.904,2783.189,259412
10uM,snap 5,25,0.837,3.761,1287.02,119959
10uM,snap 5,26,0.751,3.304,1259.179,117364
10uM,snap 5,27,0.73,3.383,1134.135,105709
10uM,snap 5,28,0.708,3.666,1044.077,97315
10uM,snap 5,29,0.622,3.774,921.071,85850
10uM,snap 5,30,0.515,2.836,790.651,73694
10uM,snap 5,31,1.706,5.349,1999.168,186336
10uM,snap 5,32,4.828,10.248,10849.493,1011246
10uM,snap 5,33,1.298,4.315,2009.683,187316
10uM,snap 5,34,1.523,5.513,2079.238,193799
10uM,snap 5,35,0.869,3.395,1424.199,132745
10uM,snap 5,36,1.352,6.053,2134.395,198940
10uM,snap 5,37,0.923,4.051,949.706,88519
10uM,snap 5,38,0.558,3.812,765.824,71380
10uM,snap 5,39,0.901,3.79,1226.07,114278
10uM,snap 5,40,0.644,3.305,714.444,66591
10uM,snap 5,41,0.343,2.597,358.579,33422
10uM,snap 5,42,0.515,3.398,841.409,78425
10uM,snap 5,43,3.605,8.87,6187.33,576701
10uM,snap 5,44,2.714,7.585,5898.532,549783
10uM,snap 5,45,2.983,7.709,5874.07,547503
10uM,snap 5,46,0.933,4.232,767.391,71526
10uM,snap 5,47,1.212,5.313,1632.843,152192
10uM,snap 5,48,1.041,4.385,1664.429,155136
10uM,snap 5,49,5.976,9.992,11193.931,1043350
10uM,snap 5,50,1.792,5.57,2862.421,266797
10uM,snap 5,51,1.502,5.228,1974.063,183996
10uM,snap 5,52,1.717,5.865,2365.097,220443
10uM,snap 5,53,1.92,5.768,4021.468,374828
10uM,snap 5,54,1.309,5.079,3278.003,305532
10uM,snap 5,55,1.116,4.324,1216.274,113365
10uM,snap 5,56,0.73,4.175,1007.309,93888
10uM,snap 5,57,0.719,3.505,987.021,91997
10uM,snap 5,58,1.706,6.492,1147.299,106936
10uM,snap 5,59,1.845,6.524,1981.723,184710
10uM,snap 5,60,0.461,3.277,490.361,45705
10uM,snap 5,61,0.29,2.573,276.246,25748
10uM,snap 5,62,0.665,3.555,865.645,80684
10uM,snap 5,63,0.73,3.949,908.883,84714
10uM,snap 5,64,0.794,3.263,1152.781,107447
10uM,snap 5,65,2.521,6.363,3276.973,305436
10uM,snap 6,1,0.966,3.893,1758.553,163909
10uM,snap 6,2,0.44,3,408.103,38038
10uM,snap 6,3,2.618,9.045,5304.615,494426
10uM,snap 6,4,1.191,4.334,2596.979,242056
10uM,snap 6,5,0.376,2.526,501.122,46708
10uM,snap 6,6,0.579,2.974,695.593,64834
10uM,snap 6,7,1.051,4.13,2290.231,213465
10uM,snap 6,8,1.459,5.85,3348.963,312146
10uM,snap 6,9,2.135,8.342,4363.31,406690
10uM,snap 6,10,0.88,5.205,1056.769,98498
10uM,snap 6,11,0.912,4.36,1720.304,160344
10uM,snap 6,12,0.311,2.396,300.332,27993
10uM,snap 7,1,0.515,3.471,596.448,55593
10uM,snap 7,2,0.558,3.845,1073.109,100021
10uM,snap 7,3,2.178,6.54,4833.491,450514
10uM,snap 7,4,2.339,6.676,7364.498,686421
10uM,snap 7,5,0.697,3.296,1019.347,95010
10uM,snap 7,6,0.526,3.047,889.27,82886
10uM,snap 7,7,0.644,3.43,726.364,67702
10uM,snap 7,8,2.961,8.126,5310.313,494957
10uM,snap 7,9,0.794,3.428,1382.936,128899
10uM,snap 7,10,2.049,5.558,3596.821,335248
10uM,snap 7,11,0.89,3.665,1949.633,181719
10uM,snap 7,12,2.94,7.436,6184.165,576406
10uM,snap 7,13,0.901,4.068,662.516,61751
10uM,snap 7,14,1.202,4.539,1530.747,142676
10uM,snap 7,15,0.601,2.865,637.84,59451
10uM,snap 7,16,1.18,4.52,2312.697,215559
10uM,snap 7,17,0.987,4.088,2011.539,187489
10uM,snap 7,18,0.461,2.696,1241.981,115761
10uM,snap 7,19,0.612,3.481,1103.525,102856
10uM,snap 7,20,0.515,3.323,832.762,77619
10uM,snap 7,21,0.225,2.237,721.107,67212
10uM,snap 7,22,3.304,9.048,8853.918,825245
10uM,snap 7,23,0.772,3.71,1360.288,126788
10uM,snap 7,24,1.996,6.311,5069.911,472550
10uM,snap 7,25,0.719,3.469,1463.048,136366
10uM,snap 7,26,0.547,3.344,849.466,79176
10uM,snap 7,27,0.504,2.77,869.304,81025
10uM,snap 7,28,0.461,3.388,694.07,64692
10uM,snap 7,29,0.408,3.021,429.014,39987
10uM,snap 7,30,1.03,5.269,2456.41,228954
10uM,snap 7,31,0.665,3.406,1147.749,106978
10uM,snap 7,32,0.622,3.341,530.305,49428
10uM,snap 7,33,0.268,2.056,348.043,32440
10uM,snap 7,34,0.837,4.069,1594.509,148619
10uM,snap 7,35,2.382,6.431,4207.184,392138
10uM,snap 7,36,0.558,3.599,887.854,82754
10uM,snap 7,37,0.376,2.768,424.787,39593
10uM,snap 7,38,1.835,6.044,5344.226,498118
10uM,snap 7,39,1.084,4.314,2172.053,202450
10uM,snap 7,40,1.202,4.358,2635.721,245667
10uM,snap 7,41,0.429,2.536,767.637,71549
10uM,snap 7,42,1.073,4.322,1999.909,186405
10uM,snap 7,43,0.451,2.842,1152.202,107393
10uM,snap 7,44,1.609,5.859,3075.281,286637
10uM,snap 7,45,1.084,4.179,1810.791,168778
10uM,snap 7,46,1.234,4.678,2349.626,219001
10uM,snap 7,47,1.438,5.194,3068.34,285990
10uM,snap 7,48,1.234,4.759,3114.785,290319
10uM,snap 7,49,0.772,3.906,1173.767,109403
10uM,snap 7,50,2.296,6.404,4793.558,446792
10uM,snap 7,51,0.654,3.314,1274.049,118750
10uM,snap 7,52,0.654,4.316,1287.965,120047
10uM,snap 7,53,0.558,2.81,1252.291,116722
10uM,snap 7,54,0.515,2.63,910.556,84870
10uM,snap 7,55,0.579,3.356,1616.6,150678
10uM,snap 7,56,0.536,3.431,942.775,87873
10uM,snap 7,57,0.461,2.545,864.143,80544
10uM,snap 7,58,0.976,4.139,1845.231,171988
10uM,snap 7,59,1.191,4.191,2188.951,204025
10uM,snap 7,60,1.019,3.814,1472.297,137228
10uM,snap 7,61,0.815,3.37,1467.211,136754
10uM,snap 7,62,1.674,5.537,3694.046,344310
10uM,snap 7,63,1.105,4.587,2099.569,195694
10uM,snap 7,64,1.502,5.554,1525.973,142231
10uM,snap 7,65,1.62,5.653,1617.297,150743
10uM,snap 7,66,0.333,2.66,791.037,73730
10uM,snap 7,67,0.461,2.924,607.048,56581
10uM,snap 7,68,1.384,5.758,3253.788,303275
10uM,snap 7,69,1.491,5.028,3108.444,289728
10uM,snap 7,70,1.824,5.417,3817.438,355811
10uM,snap 7,71,0.805,3.998,1825.619,170160
10uM,snap 7,72,0.601,3.582,705.045,65715
10uM,snap 7,73,0.687,3.682,1676.123,156226
10uM,snap 7,74,1.373,5.769,1834.695,171006
10uM,snap 7,75,1.395,4.874,2620.625,244260
10uM,snap 7,76,1.384,5.239,1229.417,114590
10uM,snap 7,77,0.89,4.023,855.485,79737
10uM,snap 7,78,1.867,5.557,3753.934,349892
10uM,snap 7,79,3.541,8.114,6309.339,588073
10uM,snap 7,80,1.556,5.213,2302.408,214600
10uM,snap 7,81,0.536,3.149,1238.708,115456
10uM,snap 7,82,0.622,3.255,808.772,75383
10uM,snap 7,83,1.32,4.476,2454.586,228784
10uM,snap 7,84,1.255,4.9,2483.211,231452
10uM,snap 7,85,1.084,4.965,1023.52,95399
10uM,snap 7,86,0.59,3.531,666.572,62129
10uM,snap 7,87,0.612,3.715,693.759,64663
10uM,snap 7,88,0.408,2.655,339.847,31676
10uM,snap 7,89,0.719,4,1024.904,95528
10uM,snap 7,90,1.255,4.845,2514.185,234339
10uM,snap 7,91,0.826,4.106,983.566,91675
10uM,snap 7,92,0.933,4.355,1632.543,152164
10uM,snap 7,93,1.792,7.12,2263.366,210961
10uM,snap 7,94,0.719,3.55,613.024,57138
10uM,snap 7,95,0.451,2.855,530.466,49443
10uM,snap 7,96,0.472,2.704,567.276,52874
10uM,snap 7,97,0.547,2.767,784.063,73080
10uM,snap 7,98,0.74,4.301,946.498,88220
10uM,snap 7,99,0.901,4.177,1365.652,127288
10uM,snap 7,100,1.127,5.665,1039.753,96912
10uM,snap 7,101,1.545,4.962,2529.463,235763
10uM,snap 7,102,0.719,3.446,1152.663,107436
10uM,snap 7,103,0.783,3.849,823.063,76715
10uM,snap 7,104,0.719,3.453,905.932,84439
10uM,snap 7,105,1.287,5.463,1985.124,185027
10uM,snap 7,106,0.633,3.897,513.546,47866
10uM,snap 7,107,0.536,3.616,507.216,47276
10uM,snap 7,108,0.73,3.353,1163.971,108490
10uM,snap 7,109,0.719,3.156,715.667,66705
10uM,snap 7,110,0.697,3.274,1114.694,103897
10uM,snap 7,111,0.687,3.165,649.052,60496
10uM,snap 7,112,0.515,2.888,387.912,36156
10uM,snap 7,113,0.858,3.925,669.394,62392
10uM,snap 7,114,1.459,5.36,2806.835,261616
10uM,snap 7,115,0.837,4.052,1293.415,120555
10uM,snap 7,116,0.418,3.111,280.377,26133
10uM,snap 7,117,0.933,4.217,1112.623,103704
10uM,snap 7,118,0.955,4.427,917.82,85547
10uM,snap 7,119,0.676,4.479,908.861,84712
10uM,snap 7,120,0.719,3.773,1020.763,95142
10uM,snap 7,121,0.354,3.015,357.935,33362
10uM,snap 7,122,0.654,4.21,561.15,52303
10uM,snap 7,123,0.772,3.585,1377.25,128369
10uM,snap 7,124,1.009,4.273,1507.112,140473
10uM,snap 7,125,1.577,5.455,1779.013,165816
10uM,snap 7,126,1.266,4.919,2083.744,194219
10uM,snap 7,127,0.74,3.505,660.038,61520
10uM,snap 7,128,0.665,3.132,677.515,63149
10uM,snap 7,129,0.805,4.024,825.863,76976
10uM,snap 7,130,1.019,5.814,1094.588,102023
10uM,snap 7,131,0.88,4.392,626.307,58376
10uM,snap 7,132,0.644,3.106,567.191,52866
10uM,snap 7,133,0.719,3.33,764.129,71222
10uM,snap 7,134,0.966,3.786,729.067,67954
10uM,snap 8,1,0.236,2.341,182.637,17023
10uM,snap 8,2,0.644,3.192,1205.728,112382
10uM,snap 8,3,1.105,4.298,1957.573,182459
10uM,snap 8,4,0.933,4.349,2194.251,204519
10uM,snap 8,5,0.762,3.999,1039.281,96868
10uM,snap 8,6,1.009,4.374,2025.39,188780
10uM,snap 8,7,0.451,3.034,552.825,51527
10uM,snap 8,8,1.545,5.668,2744.833,255837
10uM,snap 8,9,1.32,5.155,2463.588,229623
10uM,snap 8,10,0.494,3.207,693.694,64657
10uM,snap 8,11,1.009,4.495,1253.117,116799
10uM,snap 8,12,0.547,3.285,719.315,67045
10uM,snap 8,13,0.193,1.94,268.972,25070
10uM,snap 8,14,0.826,3.8,1035.419,96508
10uM,snap 8,15,0.644,3.371,760.492,70883
10uM,snap 8,16,0.644,3.55,620.824,57865
10uM,snap 8,17,0.268,2.353,414.68,38651
10uM,snap 9,1,1.32,5.474,3367.717,313894
10uM,snap 9,2,0.74,3.799,1693.279,157825
10uM,snap 9,3,1.888,5.905,5016.825,467602
10uM,snap 9,4,0.815,3.581,1559.072,145316
10uM,snap 9,5,0.59,3.532,959.491,89431
10uM,snap 9,6,0.644,3.444,929.214,86609
10uM,snap 9,7,2.114,6.547,4590.933,427906
10uM,snap 9,8,1.245,5.232,2457.933,229096
10uM,snap 9,9,0.172,1.86,179,16684
10uM,snap 9,10,2.275,7.854,4717.63,439715
10uM,snap 9,11,0.976,5.473,1416.893,132064
10uM,snap 9,12,1.266,4.575,2681.619,249945
10uM,snap 9,13,1.009,4.31,1629.206,151853
10uM,snap 9,14,0.998,4.503,1914.228,178419
10uM,snap 9,15,1.684,9.156,3114.763,290317
10uM,snap 9,16,1.47,5.136,2717.346,253275
10uM,snap 9,17,1.642,5.602,3447.808,321359
10uM,snap 9,18,1.652,5.503,3280.728,305786
10uM,snap 9,19,0.837,3.888,1226.907,114356
10uM,snap 9,20,1.169,5.121,1767.619,164754
10uM,snap 9,21,4.334,9.04,8023.635,747857
10uM,snap 9,22,1.588,5.785,2956.996,275612
10uM,snap 9,23,0.386,2.585,660.263,61541
10uM,snap 9,24,0.654,3.713,895.407,83458
10uM,snap 9,25,1.245,5.718,1667.69,155440
10uM,snap 9,26,0.654,3.22,989.757,92252
10uM,snap 9,27,3.186,10.294,6398.077,596344
10uM,snap 9,28,1.77,6.491,2926.065,272729
10uM,snap 9,29,1.009,4.329,2133.182,198827
10uM,snap 9,30,4.152,10.897,9930.407,925581
10uM,snap 9,31,1.953,6.65,4258.307,396903
10uM,snap 9,32,1.674,6.596,3296.478,307254
10uM,snap 9,33,0.622,3.237,891.191,83065
10uM,snap 9,34,1.159,4.659,2438.858,227318
10uM,snap 9,35,1.03,4.377,1494.892,139334
10uM,snap 9,36,3.412,9.254,4809.158,448246
10uM,snap 9,37,0.697,3.613,1065.599,99321
10uM,snap 9,38,1.051,4.83,1781.598,166057
10uM,snap 9,39,1.878,6.723,2863.687,266915
10uM,snap 9,40,1.438,5.06,3317.86,309247
10uM,snap 9,41,2.865,8.749,5332.854,497058
10uM,snap 9,42,0.923,4.102,1442.878,134486
10uM,snap 9,43,0.976,4.075,1944.655,181255
10uM,snap 9,44,0.29,2.194,457.22,42616
10uM,snap 9,45,1.212,4.75,1546.487,144143
10uM,snap 9,46,3.283,8.782,6926.805,645625
10uM,snap 9,47,0.74,3.258,1743.361,162493
10uM,snap 9,48,3.819,8.974,8446.298,787252
10uM,snap 9,49,5.794,12.365,14069.184,1311343
10uM,snap 9,50,1.127,4.075,2391.983,222949
10uM,snap 9,51,0.569,3.079,815.22,75984
10uM,snap 9,52,0.837,3.428,1521.006,141768
10uM,snap 9,53,2.5,6.338,6092.595,567871
10uM,snap 9,54,1.03,4.069,2224.002,207292
10uM,snap 9,55,0.74,3.482,1094.663,102030
10uM,snap 9,56,1.051,4.071,1489.431,138825
10uM,snap 9,57,0.901,4.186,1379.589,128587
10uM,snap 9,58,1.642,5.465,3021.315,281607
10uM,snap 9,59,3.176,9.902,3401.814,317072
10uM,snap 9,60,3.541,8.953,7145.298,665990
10uM,snap 9,61,17.241,23.758,41136.01,3834154
10uM,snap 9,62,2.639,6.938,4864.347,453390
10uM,snap 9,63,8.669,16.801,20799.737,1938676
10uM,snap 9,64,1.202,4.413,2406.317,224285
10uM,snap 9,65,1.599,5.121,3190.552,297381
10uM,snap 9,66,0.89,3.945,1412.451,131650
10uM,snap 9,67,1.727,5.458,3564.634,332248
10uM,snap 9,68,1.266,5.101,2248.861,209609
10uM,snap 9,69,1.674,5.562,3353.169,312538
10uM,snap 9,70,6.266,15.807,9561.678,891213
10uM,snap 9,71,1.019,4.333,1747.073,162839
10uM,snap 9,72,1.76,5.087,3814.305,355519
10uM,snap 9,73,2.521,6.998,5454.551,508401
10uM,snap 9,74,13.776,17.247,21211.638,1977068
10uM,snap 9,75,2.049,7.308,2398.721,223577
10uM,snap 9,76,3.723,8.574,7480.402,697224
10uM,snap 9,77,2.253,6.27,4716.868,439644
10uM,snap 9,78,0.751,3.452,1245.242,116065
10uM,snap 9,79,1.92,5.362,4771.875,444771
10uM,snap 9,80,0.418,2.769,568.328,52972
10uM,snap 9,81,1.019,4.646,2216.62,206604
10uM,snap 9,82,1.019,4.111,2047.212,190814
10uM,snap 9,83,15.9,22.468,37969.104,3538977
10uM,snap 9,84,7.607,14.273,17215.651,1604615
10uM,snap 9,85,0.944,4.063,1484.227,138340
10uM,snap 9,86,1.684,5.101,2723.268,253827
10uM,snap 9,87,0.472,2.789,1024.486,95489
10uM,snap 9,88,1.566,4.866,4080.799,380358
10uM,snap 9,89,1.33,4.705,3148.838,293493
10uM,snap 9,90,1.727,5.833,4175.406,389176
10uM,snap 9,91,1.513,4.968,4181.768,389769
10uM,snap 9,92,2.586,7.717,4621.65,430769
10uM,snap 9,93,0.633,3.149,1131.946,105505
10uM,snap 9,94,1.738,5.721,2818.283,262683
10uM,snap 9,95,0.612,3.283,858.564,80024
10uM,snap 9,96,1.191,5.943,1827.722,170356
10uM,snap 9,97,2.425,7.041,5068.302,472400
10uM,snap 9,98,0.74,3.466,1477.017,137668
10uM,snap 9,99,3.068,9.922,4947.324,461124
10uM,snap 9,100,0.665,3.738,1255.317,117004
10uM,snap 9,101,0.912,4.158,1453.575,135483
10uM,snap 9,102,0.365,2.907,638.022,59468
10uM,snap 9,103,2.178,6.169,5597.363,521712
10uM,snap 9,104,10.868,14.748,28312.132,2638882
10uM,snap 9,105,4.41,10.337,9427.085,878668
10uM,snap 9,106,17.896,27.092,49391.334,4603606
10uM,snap 9,107,4.174,9.531,9546.014,889753
10uM,snap 9,108,1.62,5.431,3196.185,297906
10uM,snap 9,109,0.901,4.315,1622.425,151221
10uM,snap 9,110,0.526,2.963,906.544,84496
10uM,snap 9,111,0.59,3.889,994.477,92692
10uM,snap 9,112,10.611,21.63,23683.541,2207466
10uM,snap 9,113,2.371,6.838,4850.678,452116
10uM,snap 9,114,1.395,4.846,2487.824,231882
10uM,snap 9,115,2.822,8.054,4963.245,462608
